Unnamed: 0,User,Date,Tweets
0,BBCTech,24-10-19,RBS pulls Samsung Galaxy S10 app over security flaw 
1,BBCTech,17-10-19,Any fingerprint unlocks Galaxy S10 Samsung warns 
2,BBCTech,05-09-19,Samsung Galaxy Fold UK launch date revealed 
3,BBCTech,07-08-19,Galaxy Note 10 Samsung hopes to strike the right Note 
4,BBCTech,25-07-19,RT  Samsung says the Galaxy Fold will go on sale in September after faulty screens delayed the launch 
5,BBCTech,04-07-19,Samsung sued over waterresistant phone claims 
6,BBCTech,17-06-19,Samsung TVs should be regularly viruschecked the company says 
7,BBCTech,30-04-19,Samsung unveils TV that can switch to vertical mode 
8,BBCTech,22-04-19,Samsung Galaxy Fold launch events delayed in China 
9,BBCTech,17-04-19,Samsungs folding phone breaks for reviewers 
10,BBCTech,16-04-19,RT  Heres my first handson with the Samsung Galaxy Fold GalaxyFold 
11,BBCTech,24-02-19,RT  Our folding phone is bigger and better than Samsungs says Huawei 
12,BBCTech,21-02-19,Samsung on whether you can end calls on the GalaxyFold by snapping it shut like the old flip phones 
13,BBCTech,21-02-19,RT  Important can I answer calls with the phone unfolded and then hang up by snapping it shut   Samsung
14,BBCTech,20-02-19,Samsung Galaxy Fold The internet reacts 
15,BBCTech,20-02-19,Samsung reveals Galaxy Fold and S10 5G 
16,BBCTech,08-01-19,CES 2019 Samsung adds rival Apples iTunes to smart TVs 
17,BBCTech,07-01-19,RT  Samsung has revealed a 75in 190cm television made of modular panels you can rearrange  CES2019 
18,BBCTech,10-12-18,Huawei Honor View20 and Samsung A8s have holepunch cameras 
19,BBCTech,03-12-18,Samsung Nigeria tweets update using Apple iPhone 
20,BBCTech,23-11-18,Samsung apologises to sick factory workers 
21,BBCTech,07-11-18,RT  After 5 years of talking about folding devices Samsung unveiled theirs at SDC18 
22,BBCTech,01-11-18,Samsung agrees to payouts after worker deaths 
23,BBCTech,24-10-18,Apple and Samsung fined by Italian authorities over slow phones 
24,BBCTech,05-09-18,Samsung Time for folding smartphones 
25,BBCTech,09-08-18,Samsung Galaxy Note 9 warns of wonky photos 
26,BBCTech,31-07-18,Why is Samsungs Galaxy S9 flagship struggling 
27,BBCTech,31-05-18,Samsung wont be forced to update old phones 
28,BBCTech,25-05-18,Apple awarded 539m in US patent case against Samsung 
29,BBCTech,14-05-18,AppleSamsung patent battle revived in California court 
30,BBCTech,25-02-18,Samsung Galaxy S9 gets super slowmo and AR emojis 
31,BBCTech,25-02-18,Samsung Galaxy S9 focuses on the camera 
32,BBCTech,21-02-18,Samsung Galaxy S9 smartphone images leaked by MWC app 
48,BBCTech,21-02-18,Guardians of the Galaxy Vol 2 Visual effects revealed 
0,droid_life,30-10-19,Samsung One UI 2 Gets an Official Reveal With Smarter Dark Mode More
1,droid_life,29-10-19,Samsung Unveils Another Smart Speaker That May Never Launch
2,droid_life,29-10-19,Samsung Showcases Foldable Phone Concept With Clamshell Design
3,droid_life,24-10-19,Pixel 4 XL Teardown Reveals Samsung Display Almost Decent Repairability Score
4,droid_life,18-10-19,Samsung Issues Statement on Fingerprint Vulnerability Software Update is Coming
5,droid_life,14-10-19,Samsung Galaxy S10 owners any luck enrolling in the Android 10One UI 20 beta yet The Samsung Members app appears to be having issues
6,droid_life,14-10-19,Samsung One UI Beta for Android 10 Arrives Today in US on Galaxy S10 Line
7,droid_life,11-10-19,DEAL Samsung Offers 500 Off Galaxy Note 10 With Select TradeIn Throwing in Free 200 Credit or Wearable Bundle 
8,droid_life,09-10-19,Samsung confirms Unlocked ATampT and TMobile Galaxy S10 S10 and S10e models will have first dibs at the Android 
9,droid_life,08-10-19,Samsung Confirms One UI 20 Coming Soon to Galaxy S10 Lineup
10,droid_life,03-10-19,Samsung Pay Gets International Money Transfers
11,droid_life,27-09-19,Lets unbox Samsungs 1980 Galaxy Fold galaxyfold 
12,droid_life,17-09-19,Report Samsung Launching Android 10 Beta Next Month
13,droid_life,09-09-19,Samsung Says Hundreds of Apps Now Optimized for Galaxy Fold galaxyfold 
14,droid_life,06-09-19,  what are the samsung issues as for iphone vs p4 we wont have any good idea until next m 
15,droid_life,05-09-19,Samsung Finally Cancels Original Galaxy Fold PreOrders Offers 250 Credit galaxyfold 
16,droid_life,05-09-19,Samsungs Galaxy Fold is Back Available for Purchase This Month galaxyfold 
17,droid_life,04-09-19,Discord Integration Arrives for Samsungs Game Launcher App
18,droid_life,28-08-19,Samsung Galaxy Note 10 Review It Doesnt Get Much Better Than This
19,droid_life,28-08-19,Samsung still offering 600 off Galaxy Note 10 purchases with eligible tradeins 
20,droid_life,27-08-19,Samsung Keeps Note 10s 600Off Trade Deal Alive Adds 4 Months Free YouTube Premium GalaxyNote10 
21,droid_life,24-08-19,Windows and Mac apps for Samsungs DeX arrive 
22,droid_life,24-08-19,If you own a Samsung Galaxy phone on Verizon youre likely getting the August patch right now
23,droid_life,23-08-19,Windows and Mac Apps for Samsungs DeX are Live 
24,droid_life,23-08-19,Video Appears to Show Off Samsungs One UI 20 Running Atop Android 10
25,droid_life,22-08-19,Samsung is so weird sometimes
26,droid_life,21-08-19,Samsung Wins Today With Their Green Bubble GIFs
27,droid_life,13-08-19,Samsung Said to be Readying Graphene Batteries Capable of Insanely Fast Charge Times
28,droid_life,12-08-19,Samsung Still Cutting 600 Off Note 10 With Select TradeIns Ups Galaxy S9 Value to 350 galaxynote10 
29,droid_life,09-08-19,Samsungs Galaxy Home smart speaker is still in development a year after being announced 
30,droid_life,08-08-19,Samsung Still Working to Refine and Enhance BixbyPowered Galaxy Home Speaker
31,droid_life,07-08-19,Samsung Galaxy Note 10 and Note 10 Official PreOrders Start Tomorrow for 949
32,droid_life,07-08-19,Samsung Galaxy Note 10 Galaxy Note 10 Specs Official galaxynote10 
33,droid_life,06-08-19,Samsungs Galaxy Watch Active 2 is now official launches next month 
34,droid_life,05-08-19,Samsung Galaxy Watch Active 2 Official Priced Starting at 279 With PreOrders in September
35,droid_life,03-08-19,Samsung is watering down the Note line with the Galaxy Note 10
36,droid_life,02-08-19,Samsung is Watering Down the Note Line for No Good Reason
37,droid_life,01-08-19,Samsung has a new 650 tablet for those interested in Android tablets
38,droid_life,31-07-19,Samsungs Galaxy Tab S6 is a 649 Tablet in a World Without Many Android Tablets
39,droid_life,30-07-19,Samsung to Announce Galaxy Tab S6 Watch Active 2 Prior to Note 10 Event
40,droid_life,26-07-19,Samsung offers upto 600 off Note 10 with specific trades 
41,droid_life,25-07-19,Official Samsungs Galaxy Fold is ReLaunching in September galaxyfold 
42,droid_life,23-07-19,Samsungs Galaxy Watch Active Gets a Big Ol Update
43,droid_life,23-07-19, nothing is confirmed samsung hasnt yet announced if the phone will indeed feature a battery 
44,droid_life,18-07-19, the 12GB packages combining eight of the 12Gb chips arent yet in mass production Samsung says later t 
45,droid_life,18-07-19,Samsung Readying 12Gb LPDDR5 Mobile DRAM for Galaxy Note 10
46,droid_life,10-07-19,Pujie Black Available for Samsung Galaxy Wearables
47,droid_life,02-07-19,Samsungs Galaxy Fold was pushed out too early guys galaxyfold 
48,droid_life,01-07-19,Samsung is offering really solid tradein values for older phones like 350 for the Galaxy S8
49,droid_life,01-07-19,This Might Shock You but the Samsung Galaxy Fold was Rushed galaxyfold 
50,droid_life,01-07-19,DEAL Samsung Goes Wild With Trades Toward Galaxy S10 350Off for a Galaxy S8 galaxys10 
51,droid_life,24-06-19,Verizon TMobile Samsung and LG Devices Getting Security Patches
52,droid_life,19-06-19,Samsung irons out most Galaxy Fold issues is ready to release it to market 
53,droid_life,19-06-19,Samsung Most Galaxy Fold Display Issues Ironed Out Ready for Launch
54,droid_life,15-06-19,DEAL Samsung Galaxy Buds are 9999 at Verizon 30 Off
55,droid_life,14-06-19,Samsung Galaxy Fit Activity Tracker Now Available for 99
56,droid_life,05-06-19,Samsung celebrates 10th anniversary of Galaxy with deals and promos 
57,droid_life,04-06-19,Samsung Galaxy Home Launch Still Happening Scheduled for Q3
58,droid_life,04-06-19,Today is Galaxy Day MonthLong Celebration With Deals and Promos From Samsung
59,droid_life,29-05-19,Samsung has plans for 100W USBC chargers 
60,droid_life,28-05-19,Samsung has Plans for 100W USBC Chargers
61,droid_life,27-05-19,Samsung Loves Its Hole Punches Shares Free DisneyPixar Wallpapers for Galaxy S10 galaxys10 
62,droid_life,24-05-19,DEAL Samsungs Fast Wireless Charger is 50 Off Down to 1499
63,droid_life,24-05-19,With Still No Word From Samsung Best Buy Cancels All Galaxy Fold PreOrders
64,droid_life,21-05-19,We Hope Samsungs New 5x Optical Zoom Lens Ships With the Galaxy Note 10
65,droid_life,20-05-19,One UI update rolling out to Samsungs wearable lineup starting this week 
66,droid_life,20-05-19,Samsung Announces One UI for Wearable Lineup Highlights Better Battery and Cleaner UI
67,droid_life,13-05-19,Upcoming Phone Designs From OPPO Samsung and Huawei Might Get Weird
68,droid_life,10-05-19,Samsung ups its tradein offer to 400 off a Galaxy S10 
69,droid_life,09-05-19,Samsung Galaxy Fold supposedly ready to make a comeback 
70,droid_life,09-05-19,DEAL Samsung Ups Tradein Offer to 400 Off Galaxy S10 galaxys10 
71,droid_life,09-05-19,Samsungs Galaxy Fold is Ready to Return galaxyfold 
72,droid_life,07-05-19,Samsung is Still Trying to Fix the Galaxy Fold Asks if People Want to Keep PreOrders galaxyfold 
73,droid_life,06-05-19,DEAL Samsung Gear S3 Frontier Drops to 109 With 90 Discount
74,droid_life,03-05-19,Samsung Pay support comes to Simple Bank 
75,droid_life,02-05-19,Simple Bank Finally Finally Adds Support for Samsung Pay
76,droid_life,30-04-19,DEAL Samsung Will Still Give You 200 Off the Galaxy S10 for Trading in Any Smartphone galaxys10 
77,droid_life,23-04-19,Samsungs Galaxy View 2 looks pretty good when compared to the original 
78,droid_life,23-04-19,Samsung officially delays launch of the Galaxy Fold 
79,droid_life,22-04-19,Samsung Galaxy View 2 Looks Way Better Than the Original
80,droid_life,22-04-19,Samsung confirms Galaxy Fold delay as it investigates and runs internal tests 
81,droid_life,22-04-19,Samsung Might Have Delayed the Galaxy Fold galaxyfold 
82,droid_life,19-04-19,DEAL Samsung Offering Instant 300 Off Galaxy S10 With Trade galaxys10 
83,droid_life,18-04-19,Samsung Spins Bright Night Camera Feature Into Standalone Mode
84,droid_life,16-04-19,Samsung Quickly Sold Out of the 2000 Galaxy Fold galaxyfold 
85,droid_life,16-04-19,Samsungs Galaxy Fold has support for all major US carrier bands 
86,droid_life,15-04-19,Samsungs Galaxy Fold has Support for All Major US Carriers Bands galaxyfold 
87,droid_life,13-04-19,How has your experience been with Samsungs tradein program 
88,droid_life,12-04-19,Hows Your Experience Been With Samsungs TradeIn Program galaxys10 
89,droid_life,11-04-19,Invitations to purchase Samsungs 1980 Galaxy Fold apparently roll out tomorrow 
90,droid_life,11-04-19,Samsung Says You Should SignUp Today to be First in Line to Purchase Galaxy Fold galaxyfold 
91,droid_life,10-04-19,Samsung Galaxy A80 Trades Notches and Cutouts for PopUp Flippy Camera
92,droid_life,09-04-19,DEAL Need More Storage Get a Samsung 128GB MicroSD for 20
93,droid_life,02-04-19,DEAL Samsung Will Give You 200 TradeIn Value Towards Galaxy S10 for Any Android Device Even If Its Cracked
94,droid_life,28-03-19,Samsung shows the Galaxy Fold can fold a lot of times 
95,droid_life,22-03-19,Samsungs 550 Off TradeIn Galaxy S10 Deal is Still Live Plus BOGO ATampT and Verizon galaxys10 
96,droid_life,22-03-19,DEAL Samsung Wireless Charging Pad is 15 10000mAh Fast Battery Pack is 16 galaxys10 
97,droid_life,20-03-19,Poll Do Your Own a Google Samsung or OnePlus Phone
98,droid_life,19-03-19,Heres the 2000 ATampT Samsung Galaxy Fold Being Fondled galaxyfold 
99,droid_life,16-03-19,Samsung still offering up to 550 in tradein credit towards the purchase of a Galaxy S10 
100,droid_life,15-03-19,You Still Have Time to Take Advantage of Samsungs 550 Tradein Offer for the Galaxy S10
101,droid_life,15-03-19,Samsung Galaxy S10e Review Yo This is the Phone galaxys10e 
102,droid_life,14-03-19,Samsung Galaxy S10 Review Mostly Excellence Slight Disappointment
103,droid_life,08-03-19,DEAL Samsungs Excellent Galaxy Buds 25 Off at ATampT
104,droid_life,08-03-19,Time probably running out to take advantage of Samsungs really good tradein offer 
105,droid_life,08-03-19,Samsungs Good Lock app gets updated to work with Android Pie 
106,droid_life,07-03-19,Samsungs Good Lock App Updated to Work With Android Pie
107,droid_life,06-03-19,Report Your Samsung Galaxy Depreciates at Alarming Rate 42 in Month One
108,droid_life,06-03-19,Samsung is Folding Sht in All the Directions
109,droid_life,05-03-19, samsung tho lol
110,droid_life,28-02-19,Samsung Now Lets You Remap Bixby Button Just Not to Google Assistant
111,droid_life,27-02-19,Buying the Galaxy Fold will be unlike most Samsung products 
112,droid_life,25-02-19,Everyone see Samsungs new Galaxy Fold video It shows a lot of the device in action
113,droid_life,25-02-19,Samsung Releases the Galaxy Fold HandsOn Video You Wanted galaxyfold 
114,droid_life,20-02-19,Samsung Announces Galaxy S10 Family Starting at 900 galaxys10 
115,droid_life,20-02-19,Samsung Announces New Galaxy Watch Active Galaxy Fit and Galaxy Buds
116,droid_life,20-02-19,Official Specs Samsung Galaxy S10 S10 S10 5G and S10e galaxys10 
117,droid_life,20-02-19,Here is the Samsung Galaxy Fold galaxyfold 
118,droid_life,20-02-19,Watch Samsungs Galaxy S10 Galaxy Fold Event Live at 11AM Pacific
119,droid_life,19-02-19,Samsung Galaxy Fold Samsung Galaxy Fold
120,droid_life,19-02-19,And Heres a Samsung Galaxy S10 Promo Video Leak 
121,droid_life,19-02-19,Samsungs Internet browser gets a big One UI update
122,droid_life,18-02-19,Samsung Internet Gets One UI Makeover Complete With Dark Mode Support
123,droid_life,16-02-19,DEAL 300 Off Unlocked Samsung Galaxy Note 9 Today With Code galaxynote9 
124,droid_life,15-02-19,Samsung Outs Its Entire New Galaxy Wearable Line Early
125,droid_life,13-02-19,You can already reserve your Galaxy S10 from Samsung 
126,droid_life,12-02-19,Samsungs Galaxy S10 Arrives March 8 Get Up to 550 Off With Trade if You Reserve Now
127,droid_life,12-02-19,Samsung keeps teasing the fold 
128,droid_life,11-02-19,What Exactly is Samsung Trying to Tease Here
129,droid_life,09-02-19,A Fresh Clean HighRes Look at Samsungs Galaxy S10 and Galaxy S10e
130,droid_life,07-02-19,Verizon Valentines Deals Arent Awful 300 Off Pixel 3 BOGO Samsung deals 
131,droid_life,04-02-19,Samsung and fake Supreme are no longer working together
132,droid_life,02-02-19,Samsung Galaxy S10 Galaxy S10 Stop by the FCC galaxys10 
133,droid_life,01-02-19,DEAL Samsung Galaxy Note 9 S9 and S9 are 150 Off deals 
134,droid_life,01-02-19,Samsung brings out the cool concepts shows off foldable phone too
135,droid_life,01-02-19,Samsung pulled that concept video but we grabbed some extra screenshots from it
136,droid_life,31-01-19,Samsung Teases Foldable Phone in Futuristic Concept Video
137,droid_life,31-01-19,Samsung Galaxy Buds reported to launch with the Galaxy S10 
138,droid_life,30-01-19,Samsung Just Made a 1TB UFS 21 Chip for Smartphones Probably the Galaxy S10 galaxys10  
139,droid_life,30-01-19,Samsungs doing a bit better of a job at updating 
140,droid_life,29-01-19,Hey Samsung Better Job With Pie Updates so Far
141,droid_life,29-01-19,Samsung Galaxy S9 Gets Android Pie One UI Update on First US Carrier galaxys9 
142,droid_life,25-01-19,No bueno Samsung
143,droid_life,24-01-19,This is Bad Samsung
144,droid_life,22-01-19,Jesus Finally Target Will Soon Accept Google Pay Samsung Pay
145,droid_life,14-01-19,Heres Everything We Know About Samsungs GalaxyS10 so Far
146,droid_life,14-01-19,Samsungs 5G Galaxy S10 Might Add an X to Its Name Go Nuts With Specs galaxys10 
147,droid_life,11-01-19,DEAL Samsung Galaxy Note 9 S9 S9 All 200 Off With Up to 300 Off in Trades deals 
148,droid_life,11-01-19,There has been a ton of different Galaxy phones from Samsung over the years Which one stands out the most to you
149,droid_life,11-01-19,Well also see a fully functional foldable from Samsung on February 20 
150,droid_life,10-01-19,10 Years of Samsung Galaxy S Phones Which Stands Out the Most galaxys10 
151,droid_life,10-01-19,Fully Functional Foldable From Samsung Coming on February 20 Too
152,droid_life,10-01-19,Samsung is Announcing the Galaxy S10 on February 20 galaxys10 
153,droid_life,07-01-19,Sprints Samsung 5G Phone is Coming This Summer sprint ces2019 
154,droid_life,04-01-19,Samsung its time to move on from the curved display
155,droid_life,03-01-19,I Just Need Samsung to Ditch the Curved Display Now galaxys10 
156,droid_life,03-01-19,Samsung has another Pie roadmap with Galaxy Note 9 and Note 8 bumped up a month 
157,droid_life,02-01-19,Samsung Provides Different Pie Update Roadmap Galaxy Note 9 and Note 8 Bumped Up a Month
158,droid_life,26-12-18,Samsungs Pie Update Roadmap Wont Make You Envious of Galaxy Owners
159,droid_life,21-12-18,Samsung is Coming for Googles Night Sight Camera Magic
160,droid_life,21-12-18,Report Google Assistant Launching on 2019 Samsung Smart TV Lineup
161,droid_life,19-12-18,DEAL Samsung 10000mAh Fast Charge Battery Pack is 1599 19 Off deals 
162,droid_life,19-12-18,Verizon Updates Samsung Galaxy S7 S7 Edge LG V30
163,droid_life,12-12-18,Samsung is now reevaluating its partnership with fake Supreme
164,droid_life,12-12-18,DEAL Samsung Drops 300 Off Carrier Galaxy Note 9 250 Off Galaxy S9 galaxynote9 
165,droid_life,11-12-18,Did Samsung just partner with a knockoff Supreme label to sell stuff in China Yes 
166,droid_life,10-12-18,Samsung Embarrassingly Partners With Fake Supreme 
167,droid_life,10-12-18,Samsung Galaxy A8s With Infinity O Display Official for China
168,droid_life,05-12-18,ATampT Announces Another Samsung 5G Device With Better Connectivity 5g 
169,droid_life,05-12-18,ATampT says it will carry Samsungs 5G smartphone in early 2019 
170,droid_life,04-12-18,ATampT Will Also Carry Samsungs 5G Phone Next Year
171,droid_life,04-12-18,Verizon and Samsung launching 5G phone in first half of 2019 
172,droid_life,03-12-18,DEAL Samsung Wireless Charger Duo for Just 50 on Amazon 70 Off
173,droid_life,03-12-18,Verizon and Samsung Launching 5G Phone in First Half of 2019 Proof of Concept Coming This Week
174,droid_life,30-11-18,DEAL Verizon Galaxy Note 9 300 Off Today Only From Samsung GalaxyNote9 
175,droid_life,29-11-18,Samsungs 12 Days of Deals is Here Save on TVs Phones and Get Free Stuff 
176,droid_life,29-11-18,TMobile is giving away Samsung 50 4K TVs in new deal
177,droid_life,29-11-18,Samsung One UI Gets Updated Loads of Bug Fixes Inside
178,droid_life,28-11-18,Buy a Samsung Galaxy on TMobile Get Free 50 4K Smart TV
179,droid_life,28-11-18,Huawei Beats Samsung to Full Display With Camera Cutout Hole 
180,droid_life,28-11-18,Looks like Project Fi will soon support Samsung OnePlus and iPhone devices 
181,droid_life,26-11-18,Verizon Samsung Galaxy Devices LG V40 ThinQ Receive Security Patch Updates
182,droid_life,25-11-18,Samsung Cyber Monday Deals are Live CyberMondayDeals 
183,droid_life,23-11-18,Black Friday 2018 Best Google and Samsung Phone Deals BlackFriday2018 
184,droid_life,22-11-18,Dont sleep on Samsungs BlackFridayDeals
185,droid_life,20-11-18,Samsung microSD cards are so cheap right now
186,droid_life,20-11-18,Amazon matches Samsungs big BlackFridayWeek 200 off sale on Note 9 S9 and S9
187,droid_life,19-11-18,Samsung EVO Select MicroSD Cards are Stupid Cheap Right Now 128GB for 1999 BlackFridayWeek 
188,droid_life,19-11-18,DEAL Amazon Matches Samsungs 200 Off Galaxy S9 S9 and Note 9 Deal BlackFriday2018 
189,droid_life,18-11-18,Samsungs BlackFriday2018 deals are here with up to 300 off Note 9 S9
190,droid_life,18-11-18,Samsung Black Friday Deals Now Live Up to 300 Off Galaxy Note 9 S9 and S9 BlackFriday2018 
191,droid_life,16-11-18,Video Tour of Samsungs new One UI on a Galaxy S9 galaxys9 
192,droid_life,16-11-18,Samsungs One UI Beta with Android Pie goes live for Galaxy S9 S9
193,droid_life,16-11-18,Samsung is going to annoy you over use of free themes
194,droid_life,15-11-18,Video First Look at Samsung One UI Beta on Galaxy S9 galaxys9 
195,droid_life,15-11-18,Samsung One UI and Pie Beta Program Now Live in the US for S9 galaxys9 
196,droid_life,15-11-18,Samsung Doesnt Want You Using Free Themes Anymore
197,droid_life,14-11-18,Samsung might skip the notch on Galaxy S10 and go with InfinityO
198,droid_life,09-11-18,DEAL Verizon Galaxy S9 Note 9 are 100 Off From Samsung With 300 Bonus Bundle galaxynote9 
199,droid_life,08-11-18,Here are some display specs for Samsungs foldable Infinity Flex display
200,droid_life,08-11-18,Heres a pretty Samsung One UI wallpaper for you
201,droid_life,08-11-18,A photo tour of Samsungs new One UI
202,droid_life,08-11-18,Samsung has notched displays in the works You OK Samsung fans
203,droid_life,08-11-18,Samsungs new One UI looks pretty is ready for Galaxy S9 and Note 9 beta testers
204,droid_life,08-11-18,And here is Samsungs first foldable display phone
205,droid_life,07-11-18,Samsung Revealed Infinity Flex Display Specs for Its Foldable Phone
206,droid_life,07-11-18,You Know You Want That Wallpaper From Samsungs One UI
207,droid_life,07-11-18,Heres a Photo Tour of Samsungs One UI
208,droid_life,07-11-18,Samsung Who Laughed at Googles Notch is Ready to Introduce Notches Maybe
209,droid_life,07-11-18,Samsung One UI is the Software UX Refresh Weve Been Waiting For
210,droid_life,07-11-18,Here is Samsungs Foldable Display Device
211,droid_life,07-11-18,Samsung Experience aka TouchWiz refresh Yes please 
212,droid_life,07-11-18,Samsungs Galaxy Home Bixby Speaker Arrives at FCC in Time for Launch Details
213,droid_life,07-11-18,Watch Samsungs Developer Conference Where We May See a Foldable Phone
214,droid_life,06-11-18,Were learning more about Samsungs foldable ahead of a potential unveiling this week at SDC 
215,droid_life,05-11-18,Samsung May Launch Android Pie Beta Program During SDC This Week
216,droid_life,05-11-18,Latest Samsung Foldable Device Report Aligns With Concept Image From 2017
217,droid_life,26-10-18,Samsung still seems confused on what foldable device will be 
218,droid_life,26-10-18,Samsung Still Seems Confused on Its Foldable Phone But Itll Run Special Android galaxys10 
219,droid_life,28-10-19,US Galaxy S10 Lineup Getting Note 10s Live Focus Video AR Doodle in New Update
220,droid_life,25-10-19,One UI 20 Beta Opened to Galaxy Note 10 Lineup
226,droid_life,07-10-19,Theres Something Off About These Galaxy Fold Reviews on Best Buy
227,droid_life,04-10-19,Our thoughts after a week with the Galaxy Fold 
228,droid_life,04-10-19,Galaxy Fold Thoughts After a Week of Folding My Phone
229,droid_life,03-10-19,VIDEO Our Favorite Galaxy Fold Features galaxyfold 
230,droid_life,01-10-19,Drop Test Confirms Dont Drop the Galaxy Fold
231,droid_life,30-09-19,Verizon Galaxy S9 S9 Getting September Security Patch
232,droid_life,30-09-19,My Galaxy Fold Display is Not Damaged After a Day galaxyfold 
234,droid_life,27-09-19,Verizon Galaxy S8 S8 Note 8 and S10 5G Receive September Security Patch
235,droid_life,27-09-19,Podcast We Have the Galaxy Fold Show kicks off at 1230PM Pacific
236,droid_life,27-09-19,RT  2 Galaxy Folds gt 4 iPhone 11 Pros lol 
237,droid_life,24-09-19,Galaxy S10 Family Picking Up Suite of Note 10 Features in New Update
238,droid_life,23-09-19,Galaxy Fold Arrives This Week in the US galaxyfold 
239,droid_life,20-09-19,We Crushed 8GB Data on Verizon 5G in 1 Minute With a Galaxy Note 10 5G 5G 
240,droid_life,20-09-19,Verizon Galaxy S10 Note 10 Lineups Updated With September Security Patch
241,droid_life,18-09-19,Android 10 beta for Galaxy S10 Galaxy Note 10 reported to launch next month 
242,droid_life,13-09-19,Pixel 4 XL Gets a Galaxy Note 10 Comparison Already pixel4
243,droid_life,11-09-19,5 Reasons the Galaxy Note 10 is Worth Buying
244,droid_life,11-09-19,Second Galaxy arrives for Android 
245,droid_life,10-09-19,Second Galaxy Available for Android Reminds Me a Lot of EVE Online
249,droid_life,05-09-19,Android 10 Update for TMobile Galaxy Note 10 Galaxy S10 Already in Testing
250,droid_life,30-08-19,RT  PSA Public Software Announcement  GalaxyS10 devices getting SW update including bug fixes security updates amp Nigh
251,droid_life,29-08-19,Verizon Galaxy S10 Family Grabs a Fresh Update
252,droid_life,29-08-19,Hole punch wallpapers for your Note 10 are here galaxynote10 
253,droid_life,29-08-19,Our Galaxy Note 10 review galaxynote10 
254,droid_life,28-08-19,Cool Wallpapers to Go With Your GalaxyNote10 Camera Cutout
258,droid_life,26-08-19,PSA Your GalaxyNote10 Doesnt Have a Dead Pixel Thats the Proximity Sensor
260,droid_life,23-08-19,We got a couple Galaxy Note 10 phones We did a podcast about it 
261,droid_life,23-08-19,A Lot of Galaxy Phones on Verizon are Getting Updated With August Security Patch
262,droid_life,23-08-19,VIDEO First 10 things to do with the Galaxy Note 10
263,droid_life,22-08-19,Galaxy Note 10 First 10 Things to Dogalaxynote10
264,droid_life,22-08-19,Last Chance to Get the Galaxy Note 10 150 PreOrder Credit galaxynote10 
265,droid_life,21-08-19,VIDEO Galaxy Note 10 Unboxing
266,droid_life,21-08-19,Verizon Galaxy Note 10 lineup getting updated 
267,droid_life,20-08-19,Verizon Galaxy Note 10 Lineup Already Getting First Update
268,droid_life,19-08-19,Galaxy Note 10 Orders Now Shipping With Wednesday Arrival galaxynote10 
269,droid_life,14-08-19, Galaxy Fold running KitKat Very nice P
270,droid_life,12-08-19,Both DxOMark and DisplayMate are loving the Galaxy Note 10 
271,droid_life,12-08-19,Both DxOMark and DisplayMate Love the Galaxy Note 10
274,droid_life,08-08-19,Handson with the Galaxy Note 10 and Note 10 
276,droid_life,08-08-19,Video Galaxy Note 10 Note 10 First Look
277,droid_life,08-08-19,These are the best deals for the Galaxy Note 10 so far 
278,droid_life,08-08-19,600 off a Galaxy Note 10 aint bad at all 
279,droid_life,08-08-19,All your Galaxy Note 10 specs are right here 
280,droid_life,08-08-19,Galaxy Note 10 is all official now Preorders start at midnight tonight priced starting at 949 
281,droid_life,08-08-19,Poll Buying a Galaxy Note 10 galaxynote10 
282,droid_life,07-08-19,Best Galaxy Note 10 Note 10 and Note 10 5G PreOrder Deals galaxynote10 
283,droid_life,07-08-19,Reserve Your Galaxy Note 10 Now and Save Up to 600 With Eligible TradeIn
286,droid_life,07-08-19,You can watch the Note 10 event right here if you want GalaxyUnpacked 
287,droid_life,06-08-19,Heres a Galaxy Note 10 Note 10 Official Feature Leak galaxynote10 
289,droid_life,05-08-19,Verizon Galaxy S9 S9 and Note 9 Getting Dark Mode Camera Update
292,droid_life,02-08-19,Galaxy Note 10 in some pretty colors 
293,droid_life,01-08-19,This is probably the biggest Galaxy Note 10 leak of all 
294,droid_life,01-08-19,Heres the Galaxy Note 10 in Most of Its Pretty Colors
295,droid_life,01-08-19,Verizons Galaxy S10 Family Grabs Pair of Updates
296,droid_life,01-08-19,The Big Galaxy Note 10 Leak is Here
299,droid_life,29-07-19,Verizons Galaxy Note 10 5G has been tested 
300,droid_life,29-07-19,Verizons Galaxy Note 10 5G has Been Tested GalaxyNote10 
301,droid_life,27-07-19,Hi Galaxy Watch Active 2 
302,droid_life,27-07-19,Dont miss this weeks show We covered the TMoSprint merger Galaxy Note 10 and Pixel 4 
303,droid_life,26-07-19,Heres the Galaxy Watch Active 2 Thanks to the FCC galaxywatchactive2 
304,droid_life,26-07-19,DEAL All Unlocked Galaxy S10 Phones are 400500 Off at Best Buy Today galaxys10 
305,droid_life,26-07-19,Galaxy Note 10 Launch Day is August 23 Reservations Now Open With 600 Off for TradeIns galaxynote10 
306,droid_life,26-07-19,TMobile is done with the Galaxy Fold
307,droid_life,25-07-19,Galaxy Fold is almost ready for its comeback in September
308,droid_life,25-07-19,TMobile Wont Sell the Galaxy Fold
309,droid_life,25-07-19,Galaxy Note 10 5G for Verizon Disclosed Appears to be Limited Time Exclusive
311,droid_life,24-07-19,Verizon Galaxy S7 S7 Edge S8 S8 and Note 8 Get Updated Security Patches
313,droid_life,23-07-19,Galaxy Note 10 Note 10 Specs Reported to Include a Processor Display and Possibly Internal Storage
314,droid_life,22-07-19,Visible Adds WiFi Calling Capability for Galaxy S9 S9
315,droid_life,22-07-19,Here are the US Galaxy Note 10 Network Bands galaxynote10 
316,droid_life,20-07-19,Galaxy Fold aced its latest tests and is ready for launch according to report 
317,droid_life,19-07-19,Report Galaxy Fold Ready for Launch Following Latest Durability Tests
319,droid_life,16-07-19,Expect One UI 20 With Android Q Version 21 With Galaxy S11
320,droid_life,15-07-19,Galaxy S10 S10 now start at 300 off for Prime Day
321,droid_life,14-07-19,DEAL Unlocked Galaxy S10 Line is 200500 Off Right Now galaxys10 
322,droid_life,11-07-19,Galaxy Note 10 Stops at the FCC Dancing the No Headphone Jack Dance galaxynote10 
323,droid_life,11-07-19,Heres the Galaxy Note 10 
325,droid_life,10-07-19,This is the Galaxy Note 10
326,droid_life,02-07-19,Verizon Galaxy S10 S10 and S10e Grab New Updates With Performance Improvements galaxys10 
327,droid_life,02-07-19,We know when the Galaxy Note 10 will be announced
329,droid_life,02-07-19,Invites Rolling Out Galaxy Note 10 Arrives August 7
333,droid_life,28-06-19,Friday Phone Deals Pixel 2 XL for 10mo BOGO Galaxy S10
334,droid_life,28-06-19,Shaky Camera Returns Heres the Galaxy Note 10
335,droid_life,27-06-19,Giveaway Win 1 of 5 mophie Juice Pack Cases for Your Galaxy S10
336,droid_life,27-06-19,mophies 99 Juice Packs are a go for the Galaxy S10 lineup 
337,droid_life,26-06-19,DEAL Get MNML Cases for Pixel 3 Galaxy S10 for 1499 With Code 12 Off
338,droid_life,26-06-19,mophies 99 Juice Packs for Galaxy S10 Lineup Offer Up to 2500mAh in Extra Battery Life
339,droid_life,25-06-19,TMobile to Sell the Galaxy S10 5G in Select Cities on June 28
340,droid_life,21-06-19,Friday Phone Deals Galaxy S10 at 300 Off Pixel 3 XL Up to 220 Off galaxys10 
341,droid_life,21-06-19,Galaxy S7 and Galaxy S7 Edge Drop From Quarterly to Regular Security Updates
342,droid_life,21-06-19,Galaxy Note 10 rumored to feature camera with threestage variable aperture 
343,droid_life,20-06-19,Galaxy Note 10 Could Feature ThreeStage Variable Aperture Camera
346,droid_life,17-06-19,Verizon Galaxy S9 S9 Updated to June Security Patch
349,droid_life,14-06-19,DEAL All Unlocked Galaxy S10 Models are 300 Off at Best Buy galaxys10 
350,droid_life,12-06-19,ATampT Business Customers Can Get the Galaxy S10 5G Starting June 17
351,droid_life,07-06-19,Verizons Galaxy S9 S9 get RCS 
352,droid_life,07-06-19,Galaxy Note 10 renders confirm no headphone jack but weve got buttons galaxynote10 
353,droid_life,06-06-19,Verizons Galaxy S9 S9 Get RCS Support and Proves That RCS is Dumb
354,droid_life,06-06-19,Galaxy Note 10 CAD Renders Detail Headphone JackLess Centered Display Cutout Beast Phone
355,droid_life,05-06-19,Galaxy Home apparently scheduled for launch in Q3 
359,droid_life,03-06-19,DEAL Unlocked 256GB Galaxy S10e is 650 Right Now Others 200 Off Too galaxys10 
360,droid_life,30-05-19,Not Back Galaxy Note 10 Reportedly Ditches Headphone Jack All Buttons galaxynote10 
361,droid_life,28-05-19,Its looking unlikely that the Galaxy Fold will launch in June 
362,droid_life,28-05-19,TMobile Galaxy S8 S8 and Note 8 Updated With May Security Patch
363,droid_life,28-05-19,Report Galaxy Fold Release in June is Unlikely
366,droid_life,22-05-19,Galaxy S10 in Cardinal Red Yes please 
368,droid_life,21-05-19,Mmm Heres the Galaxy S10 in Cardinal Red
369,droid_life,21-05-19,Verizon Galaxy S10 Family Gets May Security Patch Camera Enhancements
370,droid_life,16-05-19,Verizon Galaxy S10 5G now available for purchase instore but there still isnt much of a 5G network to connect to 
371,droid_life,16-05-19,Verizons Galaxy S10 5G is Now Available Without Much of a 5G Network galaxys105g 
372,droid_life,15-05-19,Ill be leaving the Galaxy S10 for the OnePlus 7 Pro 
373,droid_life,14-05-19,Bye Bye Galaxy S10 Hello OnePlus 7 Pro
378,droid_life,08-05-19,DEAL US Unlocked Galaxy S10 S10 and S10e All at Least 100 Off at Amazon galaxys10 
379,droid_life,07-05-19,Verizon Galaxy S10 S10 S10e Updated With April Security Patch
381,droid_life,30-04-19,DEAL Buy Unlocked Galaxy S9 or S9 Get a Free 512GB SD Card and Wireless Charger galaxys9 
383,droid_life,27-04-19,We discussed the Galaxy Fold drama on the DL Show this week 
384,droid_life,26-04-19,Verizon CEO says Galaxy Note 10 will have 5G 
385,droid_life,25-04-19,Galaxy S10 5G is up for preorder for those who are fortunate enough to live near 5G 
386,droid_life,25-04-19,Verizon CEO Galaxy Note 10 Will Have 5G
387,droid_life,25-04-19,Verizons Galaxy S10 5G starts at 1300
388,droid_life,25-04-19,Get Ready for Verizon Galaxy S10 5G PreOrders and Bonuses galaxys105g 
389,droid_life,24-04-19,Galaxy Fold teardown reveals its quite a fragile device 
390,droid_life,24-04-19,We now have specs and pricing for the Galaxy View 2 on ATampT Available this Friday for 37month on ATampT Next 
391,droid_life,24-04-19,Galaxy Fold Gets a Teardown an Accident Waiting to Happen
392,droid_life,23-04-19,ATampT Unveils Galaxy View 2 on YouTube a 173 FHD Display Behemoth
399,droid_life,19-04-19,Bright Night will now be a standalone camera mode on the Galaxy S10 
400,droid_life,18-04-19,If youre buying a Galaxy Fold heres what NOT to do 
401,droid_life,18-04-19,Uh oh Galaxy Fold review units are breaking 
402,droid_life,17-04-19,If You Buy a Galaxy Fold Dont Remove Its Protective Layer galaxyfold 
403,droid_life,17-04-19,Galaxy Fold Review Units are Breaking GalaxyFold 
405,droid_life,16-04-19,Is the Galaxy Fold bad
407,droid_life,15-04-19,Early adopters you can preorder the Galaxy Fold
408,droid_life,15-04-19,Verizon Galaxy Note 9 Receiving April Security Patch
410,droid_life,15-04-19,Galaxy Fold preorders are live galaxyfold 
412,droid_life,12-04-19,Galaxy Fold Reservations are Now Open galaxyfold 
415,droid_life,10-04-19,Galaxy A80 comes with popup flippy camera action 
417,droid_life,10-04-19,Dont know which Galaxy S10 to buy We can help 
418,droid_life,09-04-19,Which Galaxy S10 Should You Buy galaxys10 
419,droid_life,09-04-19,Ready to have your choice in Galaxy Note 10 models
420,droid_life,09-04-19,US unlocked Galaxy S8 S8 and Note 8 grabbed their Pie One UI updates today
421,droid_life,08-04-19,A Smaller Galaxy Note 10 Yes Please galaxynote10 
422,droid_life,08-04-19,US Unlocked Galaxy S8 S8 and Note 8 Now Receiving Pie and One UI Update
423,droid_life,08-04-19,Verizon Galaxy S10 S10 and S10e All Receive New Update
424,droid_life,06-04-19,DEAL Unlocked Galaxy S9 on sale for 499 S9 for 599 100 off 
425,droid_life,05-04-19,TMobile Galaxy Note 8 gets its Pie One UI update 
426,droid_life,05-04-19,DEAL Get an Unlocked Galaxy S9 for 499 Galaxy S9 for 599 100 Off
427,droid_life,05-04-19,TMobile Galaxy Note 8 Pie One UI Update is Here
428,droid_life,05-04-19,Report says Verizons Galaxy S10 5G will go on sale starting April 18 
429,droid_life,05-04-19,VIDEO 5 reasons you should buy the Galaxy S10S10
430,droid_life,04-04-19,Report Verizon Galaxy S10 5G Goes on Sale April 18
431,droid_life,04-04-19,Video 5 Reasons to Buy the Galaxy S10S10
432,droid_life,04-04-19,Verizon Galaxy S8 Note 8 get that Pie and One UI 
433,droid_life,03-04-19,Verizons Galaxy S8 and Note 8 Join the Pie One UI Update Party
435,droid_life,02-04-19,Verizon Galaxy S7 S7 Edge S9 and S9 Receive March Security Patch
436,droid_life,02-04-19,VIDEO 26 minutes worth of cases for the Galaxy S10 
437,droid_life,02-04-19,Galaxy S10 5G availability begins April 5 in South Korea 
438,droid_life,01-04-19,Video Need a Case for Your Galaxy S10 There Are Lots of Options to Choose From
439,droid_life,01-04-19,We Know When You Can Start Buying the Galaxy S10 5G galaxys105g 
440,droid_life,01-04-19,Galaxy S7 is Old so Itll Now Only Get Quarterly Security Updates galaxys7 
441,droid_life,29-03-19,TMobile ATampT Galaxy Note 8 and S8 phones are getting that fresh slice of Pie 
442,droid_life,29-03-19,Fresh Pie Updates for TMobile ATampT Galaxy Note 8 and S8 Phones are Here
443,droid_life,28-03-19,That Energy Ring app now supports the Galaxy S10 too Sweet
444,droid_life,28-03-19,Report says the Galaxy Note 10 may have no physical buttons 
446,droid_life,27-03-19,Report Galaxy Note 10 Coming in August May Have No Physical Buttons
447,droid_life,27-03-19,Here is the Galaxy FoldFolding galaxyfold 
448,droid_life,27-03-19,Energy Ring app turns your Galaxy S10 S10e display cutout into a battery level indicator 
449,droid_life,26-03-19,Sprint Galaxy S8 S8 and Note 8 Updated to Pie
450,droid_life,26-03-19,Energy Ring for Galaxy S10 S10e Brings a Battery Indicator to Your Displays Cutout
453,droid_life,19-03-19,ATampT Galaxy Fold in the wild sports a sweet display crease
456,droid_life,16-03-19,In this weeks podcast we cover our Galaxy S10 reviews and the launch of Android Q
457,droid_life,15-03-19,This collection of wallpapers embrace the Galaxy S10s display cutout 
458,droid_life,15-03-19,Our Galaxy S10e review is up We like it 
460,droid_life,15-03-19,You Need These Wallpapers That Embrace Your GalaxyS10 Display Cutout
462,droid_life,15-03-19,Our Galaxy S10 review is here galaxys10 
463,droid_life,15-03-19,280 off the Galaxy Note 9 right now at Amazon
465,droid_life,14-03-19,DEAL US Unlocked Galaxy Note 9 Down to 719 at Amazon 280 off
466,droid_life,13-03-19,Weve got 20 tips amp tricks for the whole Galaxy S10 family
467,droid_life,12-03-19,20 Galaxy S10 S10 amp S10e Tips and Tricks galaxys10 
468,droid_life,12-03-19,Verizon Galaxy Note 9 Android Pie Update is Ready
469,droid_life,12-03-19,Here are a few Galaxy S10e tricks you may not have known about 
470,droid_life,11-03-19,We have the first 10 things to do with the Galaxy S10 and S10 
471,droid_life,11-03-19,Galaxy S10e Some of Its Cool Sht You May Not Know About galaxys10e 
472,droid_life,11-03-19,Galaxy S10 First 10 Things to Do
473,droid_life,08-03-19,Ankers 10W Fast Wireless Charger at 1299 is Here for Your New GalaxyS10
474,droid_life,08-03-19,Galaxy S10 Owners Treated to 6 Months of Spotify Premium 4 Months of YouTube Premium
476,droid_life,08-03-19,Galaxy S10 preorders are arriving at the door What are your first impressions
477,droid_life,08-03-19,We unbox the Galaxy S10 in Ceramic White
478,droid_life,07-03-19,Your Galaxy S10 PreOrders are Here First Reactions GalaxyS10 
479,droid_life,07-03-19,VIDEO Galaxy S10 Unboxing
480,droid_life,07-03-19,Probably Running Out of Time to Get 550 Off for Trades on Galaxy S10 galaxys10 
481,droid_life,06-03-19,iFixit Tears Down the Galaxy S10 Lineup Finds Self Repairability to be a Nightmare
483,droid_life,06-03-19,Weve got the first 10 things you should do with the Galaxy S10e 
484,droid_life,06-03-19,February patch rolling out to Verizon Galaxy S8 S8 and Note 8 
485,droid_life,05-03-19, Full review for Galaxy S10 will be 855 for sure but not sure about the 10e It will likely be a mi 
486,droid_life,05-03-19,Galaxy S10e First 10 Things to Do
487,droid_life,05-03-19,Verizon Galaxy S8 S8 and Note 8 Receive February Security Patch
488,droid_life,05-03-19,Galaxy S10 receives A grade from DisplayMate 
489,droid_life,05-03-19,Galaxy S10 preorders are shipping out and will hit doorsteps a couple days early
490,droid_life,04-03-19,We unboxed and went handson with the Galaxy S10e last week Its very bright 
491,droid_life,04-03-19,DisplayMate Praises Galaxy S10 Most Color Accurate Display We Have Ever Tested
492,droid_life,04-03-19,Galaxy S10 preorders are shipping early galaxys10 
493,droid_life,02-03-19,We unbox the Galaxy S10e In Canary Yellow Hot 
494,droid_life,02-03-19,TMobile Galaxy Note 9 gets Pie update 
495,droid_life,01-03-19,VIDEO Galaxy S10e Unboxing
496,droid_life,01-03-19,Netflix Certifies Galaxy S10 Lineup for HDR Support
497,droid_life,01-03-19,TMobile Galaxy Note 9 Receiving Pie Update
498,droid_life,28-02-19,Poll Screen Protector or Nah galaxys10 
499,droid_life,28-02-19,Galaxy S10 S10 preorders now come with a 130 gift certificate galaxys10 
500,droid_life,27-02-19,DEAL Galaxy S10 S10 PreOrders Now Include 130 Gift Certificate galaxys10 
501,droid_life,27-02-19,Verizon Galaxy S9 S9 and Moto Z2 Play Updated With February Security Patch
502,droid_life,27-02-19,4 rear cameras on the Galaxy Note 10 Sounds good 
504,droid_life,26-02-19,Galaxy Note 10 Rumored to Sport 4 Rear Cameras Just Like the Galaxy S10 5G
505,droid_life,26-02-19,If Youre Planning to Buy a Galaxy Fold Note That Supplies Will be Limited
508,droid_life,23-02-19,DEAL PreOrder New Galaxy Watch Active Get a Free 60 Wireless Charging Pad galaxywatchactive 
509,droid_life,22-02-19,DxOMarks Galaxy S10 camera ranking makes it sound like an incredible shooter 
510,droid_life,22-02-19,We Investigate Is the Galaxy Fold bad
511,droid_life,22-02-19,Galaxy S10 wallpapers are now downloadable for all to enjoy 
512,droid_life,22-02-19,Galaxy S10 Bixby button is completely remappable right out of the box 
513,droid_life,22-02-19,Buying a Galaxy S10e for 200 seems like a good bargain 
514,droid_life,21-02-19,Galaxy S10 DxOMark Camera Ranking is Really Really Good
515,droid_life,21-02-19,Is the Galaxy Fold Bad galaxyfold 
516,droid_life,21-02-19,Galaxy S10 Wallpapers are Available for Download
517,droid_life,21-02-19,Galaxy S10 Bixby Button is Remappable Out of the Box
518,droid_life,21-02-19,I Went Galaxy S10e Traded in a Galaxy S9 and Will Pay Just 200 galaxys10e 
519,droid_life,21-02-19,Galaxy S10 preorders are opening any minute  here are the prices deals etc galaxys10 
520,droid_life,21-02-19,Poll You buying a Galaxy Fold
521,droid_life,21-02-19,Galaxy S10 early preorder emails going out to those who reserved
522,droid_life,21-02-19,Poll You buying a Galaxy S10 Which one
523,droid_life,21-02-19,We played with the Galaxy S10 family
524,droid_life,21-02-19,The Galaxy Watch and Galaxy Buds
525,droid_life,21-02-19,Galaxy S10 family specs
526,droid_life,21-02-19,The Galaxy S10 galaxys10 
527,droid_life,21-02-19,The Galaxy Fold galaxyfold
528,droid_life,21-02-19,Galaxy S10 Availability Pricing Deals All Carriers Up to 1600 galaxys10 
529,droid_life,21-02-19,Poll Are You Buying a Galaxy Fold
530,droid_life,20-02-19,OMG We Played With the Galaxy S10 Galaxy S10and S10e galaxys10 
531,droid_life,20-02-19,Poll Which GalaxyS10 are You Buying
537,droid_life,20-02-19,GALAXY FOLD
538,droid_life,20-02-19,Galaxy S10 promo videos are here and the phone hasnt been announced yet galaxys10 
541,droid_life,19-02-19,We know of at least 1 screen protector thatll work properly with the Galaxy S10
542,droid_life,19-02-19,Galaxy S10 leaks on Galaxy S10 leaks
543,droid_life,18-02-19,Whitestone Screen Protector 2Pack for Galaxy S10 Costs 60 Doesnt Have Giant Hole
544,droid_life,18-02-19,This Galaxy S10 S10 Video Wasnt Supposed to Arrive This Early galaxys10 
545,droid_life,18-02-19,US Unlocked Galaxy S9 S9 Now Receiving Android Pie One UI Update
548,droid_life,15-02-19,Unlocked Galaxy S9 Comes in Last Again With Big Updates
549,droid_life,14-02-19,Our First Look at the Galaxy S10 in Luxurious Ceramic White
550,droid_life,14-02-19,TMobile Galaxy S9 S9 units getting that Pie update once again 
551,droid_life,13-02-19,Haha This Galaxy S10 Screen Protector has a Giant Hole
552,droid_life,13-02-19,TMobile Galaxy S9 Pie update is back and rolling out
554,droid_life,13-02-19,Specs galore for the Galaxy S10 S10 and S10e 
556,droid_life,12-02-19,Galaxy S10 S10 S10e Finalized Specs Reportedly Detailed in Full
557,droid_life,11-02-19,TMobile Galaxy S9 S9 Get Android 9 Pie Update and RCS Universal Profile 10
559,droid_life,07-02-19,Galaxy S10 indisplay fingerprint reader probably confirmed
560,droid_life,07-02-19,Galaxy S10 may have reverse wireless charging and thats not really as cool as you think
561,droid_life,07-02-19,A First Look at the Galaxy S10 InDisplay Fingerprint Reader is Here
562,droid_life,06-02-19,Reverse Wireless Charging in the Galaxy S10OK galaxys10 
563,droid_life,06-02-19,Your Next Galaxy Note S Pen May Double as a Camera
565,droid_life,02-02-19,Heres the Galaxy S10e the lower cost S10 model 
566,droid_life,01-02-19,Verizon Moto G6 G6 Play LG V40 Galaxy Note 8 and RED Hydrogen One Get Security Patches
568,droid_life,01-02-19,Heres the Galaxy S10e the Lower Cost Model
569,droid_life,01-02-19,Highres Galaxy S10 and S10 images are here
570,droid_life,01-02-19,Sprint and ATampT Galaxy S9 phones all got Pie and One UI updates today
571,droid_life,31-01-19,So many GalaxyS10 pics today
572,droid_life,31-01-19,Weve Got a First Galaxy Note 9 Pie Update in the US galaxynote9 
573,droid_life,31-01-19,Heres a HighRes Image of the Galaxy S10 galaxys10 
574,droid_life,31-01-19,Sprint Galaxy S9 Gets Android Pie One UI Update Too galaxys9 
575,droid_life,31-01-19,Verizon Galaxy S9 and S9 get updated with Pie and One UI 
577,droid_life,30-01-19,Verizon Galaxy S9 S9 Now Getting Android Pie and One UI Update galaxys9 
578,droid_life,30-01-19,Galaxy Buds Reported to Launch Alongside Galaxy S10
579,droid_life,30-01-19,You buying the 1TB Galaxy S10
581,droid_life,30-01-19,Galaxy S9 on Xfinity Mobile getting Android Pie One UI update 
583,droid_life,25-01-19,Android Pie Beta Now Open to US Galaxy S8 S8 and Note 8
584,droid_life,25-01-19,This is our best look at the Galaxy S10 and S10 yet 
585,droid_life,24-01-19,A Spicy New Look at the Galaxy S10 and Galaxy S10 galaxys10 
586,droid_life,24-01-19,Blockchain KeyStore spotted in Galaxy S10 software 
587,droid_life,24-01-19,Is a 1500 Galaxy S10 with 5G connectivity DOA
588,droid_life,23-01-19,Haha What Galaxy S10 Leak Reveals a Blockchain KeyStore galaxys10 
589,droid_life,23-01-19,Galaxy S10 With 5G Reported to Cost Over 1500
590,droid_life,23-01-19,Unlocked Galaxy Note 9 is even cheaper now than it was earlier today 270 off
591,droid_life,22-01-19,DEAL US Unlocked Galaxy Note 9 is 754 at Amazon Today 245 Off galaxynote9 
592,droid_life,22-01-19,Heres the Galaxy S10 E Galaxy S10 and Galaxy S10 
593,droid_life,21-01-19,Verizon LG V30 Galaxy S8 and S8 Updated With January Security Patch
594,droid_life,21-01-19,Wow Look at These Galaxy S10 Cases
595,droid_life,17-01-19,DEAL Unlocked Galaxy S9 at 525 is a Good Price galayxs9 
596,droid_life,16-01-19,Galaxy S8 S8 Note 8 One UI Beta Now Open in Select Markets
597,droid_life,15-01-19,Everything we know about the Galaxy S10 and all of its variants in one handy dandy post 
598,droid_life,15-01-19,Reported specs for the Galaxy S10 X are nuts 
602,droid_life,11-01-19,Verizon Galaxy S8 S8 Get December Security Patch
604,droid_life,11-01-19,Galaxy S10 unveiling confirmed for February 20 
607,droid_life,05-01-19,TMobile Galaxy Note 9 Note 8 get RCS Universal Profile 10 support
608,droid_life,04-01-19,TMobile Galaxy Note 9 Note 8 Get RCS Universal Profile 10 Support
609,droid_life,04-01-19,Oh This the Galaxy S10 galaxys10 
611,droid_life,03-01-19,Actual Photo of Galaxy S10 Emerges Hole Punch Notch and All
615,droid_life,21-12-18,Lots of Galaxy Phones on TMobile are Getting Security Patch Updates
617,droid_life,14-12-18,Verizon Galaxy S9 S9 and Note 8 Updated With December Security Patch
619,droid_life,11-12-18,Galaxy Note 9 Getting One UI Beta 2 Update With Lots of Bug Squashing
620,droid_life,11-12-18,Galaxy A8s with InfinityO display is confirmed for China 
622,droid_life,04-12-18,One UI registration opens again for Galaxy Note 9 owners You best hurry
624,droid_life,29-11-18,Galaxy Note 9 owners you get in the One UI beta
626,droid_life,28-11-18,One UI Beta Opened to Limited Number of Galaxy Note 9 Owners
627,droid_life,27-11-18,Amazon is selling Galaxy devices at 200 discount bundled with Amazon Echo devices 
629,droid_life,26-11-18,DEAL Amazon Selling Galaxy S9 S9 Note 9 200 Off With Free Echo 2nd Gen Echo Spot
630,droid_life,21-11-18,Camera Shootout Pixel 3 XL vs OnePlus 6T vs RED Hydrogen One vs Galaxy Note 9 vs Mate 20 Pro
631,droid_life,21-11-18,Ready for a Galaxy S phone with 5G connectivity and 6 cameras Its apparently coming 
632,droid_life,20-11-18,Report Variant of Galaxy S10 to Offer 5G Four Rear Cameras
640,droid_life,13-11-18,Galaxy S10 May Skip the Notch for an InfinityO Display galaxys10 
641,droid_life,13-11-18,Black Friday deals for Google products Galaxy Phones are lookin good
642,droid_life,12-11-18,Verizon Updates Galaxy S9 RED Hydrogen Moto Z and More
643,droid_life,12-11-18,You Buying a Foldable Galaxy F Phone for 1700
644,droid_life,12-11-18,Black Friday 2018 Deals Lookin Great for Pixel 3 Galaxy Phones deals 
1048,droid_life,04-02-19,Instant Tethering Comes to More Chromebooks and Android Devices
0,gizmodo,29-10-19,Samsungs second foldable is a flip phone with a nextgen design 
1,gizmodo,29-10-19,Samsung brings big bright QLED displays to laptops for the first time 
4,gizmodo,28-10-19,Samsungs space selfie satellite plummets from sky onto Michigan horse farm 
6,gizmodo,26-10-19,One month with the Samsung Galaxy Fold Folding is believing
7,gizmodo,26-10-19,A month with the improved Samsung Galaxy Fold and I actually still like it 
8,gizmodo,18-10-19,A bug lets any fingerprint unlock the Galaxy S10 and Note 10 and Samsung blames phone covers 
10,gizmodo,17-10-19,Samsung Galaxy Tab S6 review The last of a dying breed  
11,gizmodo,04-10-19,This Samsung Galaxy Fold stunt filled me with hope and joy  
12,gizmodo,27-09-19,Samsung had to fix one thing with the Galaxy Watch Active2 
14,gizmodo,23-09-19,The Samsung Galaxy Fold finally goes on sale this week again 
16,gizmodo,15-09-19,All the phone companies not named Apple and Samsung that you should care about 
17,gizmodo,13-09-19,Samsung just released a smaller version of its famouslyhuge phone the Galaxy Note 10 Here are the differences be 
20,gizmodo,05-09-19,Can you spot the upgrades on the new Samsung Galaxy Fold  
22,gizmodo,05-09-19,Samsung Galaxy Fold to launch in Korea on Sept 6 no official US release date listed yet  
23,gizmodo,03-09-19,Samsung is supposedly working on a much cooler folding phone  
25,gizmodo,29-08-19,Samsungs first Bixby speaker still isnt out but now theres a mini version 
27,gizmodo,22-08-19,Samsung probably got a lot of wedgies in high school 
29,gizmodo,26-10-19,One month with the improved Galaxy Fold and I actually still like it  
36,gizmodo,12-10-19,Hubble sees our galaxy sucking up a mysterious amount of gas  
44,gizmodo,12-09-19,Galaxy Note 10 Review A smaller Note makes for better handling 
49,gizmodo,26-08-19,Galaxy Note 10 alternate internets and Bernies climate plan best Gizmodo stories of the week 
50,gizmodo,25-08-19,The Galaxy Note 10 is damn near perfect 
51,gizmodo,24-08-19,Should you buy the Galaxy Note 10  
86,gizmodo,15-10-19,Googles budget Chromebook might walk the fine line between high design and great value  
87,gizmodo,15-10-19,Could the Pixelbook Go be the best Chromebook of the year  
88,gizmodo,15-10-19,The Pixelbook Go is a smaller cheaper Googlemade Chromebook  
89,gizmodo,15-10-19,New Pixel phones buds Chromebook Nest products and Stadia pics flashed up on screen No watch madebygoogle 
0,tech2eets,16-10-19, RedmiNote8Pro  uses a 64 MP Samsung ISOCELL Bright GW1 sensor Catch all the live updates 
1,tech2eets,09-10-19,Samsungs GalaxyFold nightmare continues A user has reported that the company logo on the hinge of the folding 
2,tech2eets,08-10-19,If youre interested in purchasing the  Galaxy Fold you can buy it from the official Samsung online s 
3,tech2eets,04-10-19,Priced at Rs 164999 Samsung GalaxyFold is now open for prebooking Here is all you need to know 
4,tech2eets,24-09-19,samsunggalaxys10 series gets Night sight mode for selfies live focus video and more Report 
5,tech2eets,18-09-19, Samsung GalaxyM10s comes in a single variant with 3 GB RAM and 32 GB storage which is priced at Rs 
6,tech2eets,18-09-19, Samsung GalaxyM30s has been announced in two variants  6 GB RAM  128 GB storage priced at Rs 1699 
7,tech2eets,10-09-19,With its 6000 mAh battery the Samsung GalaxyM30s might just be the phone to end all your battery life woes Ther 
8,tech2eets,05-09-19,Samsung launches GalaxyA905G in Korea at a price of 899900 WON which roughly translates to Rs 53000 
9,tech2eets,05-09-19,Samsung confirms that GalaxyFold will be available for purchase in Korea starting tomorrow  
10,tech2eets,03-09-19,Samsungs just launched GalaxyA90 brings 5G support and a topend Snapdragon 855 chipset along with a triple rear 
11,tech2eets,03-09-19,Samsung GalaxyM30s with whopper of a 6000 mAh battery to arrive on 18 September  
12,tech2eets,29-08-19,Samsung Galaxy S11 series leaks hint at another foldable phone and at least three 5G smartphones 
13,tech2eets,27-08-19,The  GalaxyA10S can be purchased across all retail stores eShop Samsung Opera House and all major leadi 
14,tech2eets,19-08-19, is worried that Samsung will benefit from the USChina trade war Report 
15,tech2eets,13-08-19, s camera tests claim that Samsungs GalaxyNote10Plus shoots better photos than the HuaweiP30Pro
16,tech2eets,12-08-19,Samsung just announced a 108 MP image sensor for smartphones
17,tech2eets,08-08-19,Samsungs new SPen is more magic wand than stylus  
18,tech2eets,08-08-19,Samsung just announced that the GalaxyNote10 series will be priced starting Rs 69999 in India Heres a specs com 
19,tech2eets,07-08-19,     That was all from the Samsung Unpacked 2019 event We will send 
20,tech2eets,07-08-19,     The Samsung Galaxy Note 10 starts at a price of 949 whereas the 
21,tech2eets,07-08-19,     The Samsung Galaxy Book S priced at 999 and it will be availabl 
22,tech2eets,07-08-19,     Samsung claims the Galaxy Book S has a battery life of 23 hours
23,tech2eets,07-08-19,    Samsung just announced a new laptop called the Galaxy Book S powered by th 
24,tech2eets,07-08-19,    Samsung DeX can now work with Windows laptops and MacBooks with just a USBC cable
25,tech2eets,07-08-19,   With the tap of a button Samsung users will be able to mirror their screens on 
26,tech2eets,07-08-19,  Samsung is partnering with  for integrated experiences between mobile and laptop dev 
27,tech2eets,07-08-19, Samsung partnered with  so that gamers can communicate with their friends while playing multipl 
28,tech2eets,07-08-19, Samsung is opening the S Pen SDK for developers to implement more functionality Note 10 users will also b 
29,tech2eets,07-08-19,Samsung GalaxyUnpacked event will be held on 8 August at 100 am IST here is how you can watch it live 
30,tech2eets,01-08-19,The 5G variant of the upcoming Samsung GalaxyNote10Plus gets an unofficial release date 
31,tech2eets,01-08-19,From Samsung GalaxyM40 to RedmiY3 here are all the smartphones will be available on discount during the upcoming 
32,tech2eets,01-08-19,Samsung GalaxyA80 is now on sale It comes with a flip camera 3700 mAh battery more Before you make the purcha 
33,tech2eets,30-07-19,Samsung Galaxy Tab S6 might feature an AMOLED display and latest Qualcomm Snapdragon 855 chipset Read more details 
34,tech2eets,25-07-19,Samsung GalaxyA80 with a rotating camera is now open for prebooking on  and the company website 
35,tech2eets,29-10-19,In what is possibly the most unnecessary leak of the year its been suggested that GalaxyS11 will be powered by t 
36,tech2eets,24-10-19, has updated software to fix problems with fingerprint recognition features on GalaxyS10 and 
37,tech2eets,18-10-19, has posted a statement suggesting Galaxy S10 and Note10 users remove the screen protectors and reregiste 
38,tech2eets,17-10-19, is working on a fix that allowed any fingerprint to unlock the Galaxy S10 It uses an indisplay ult 
39,tech2eets,16-10-19, has captured a stunning image of a spiral galaxy NGC 3717 that resides in the Hydra constellation 
40,tech2eets,15-10-19, GalaxyS10 series has reportedly already started receiving OneUI2 in the US
41,tech2eets,14-10-19,iPhoneXR OnePlus7Pro GalaxyNote9 all selling at Rs 42999 at GreatIndianFestival on  
42,tech2eets,14-10-19,AmazonGreatIndianFestival 2019 is live now From iPhonexr to Galaxynote9  here are the best deals that you will 
43,tech2eets,11-10-19, unveiled GalaxyWatchActive2  GalaxyWatch4G  GalaxyTabS6 in India To starting selling today on 
44,tech2eets,11-10-19,From OnePlus7TPro iPhone11Pro  galaxynote10Plus and huaweip30pro  lets see which one is the Flagship King
45,tech2eets,09-10-19,The IMEI manipulation security vulnerability affects the  Galaxy S8 S9 S10 S10e S10 Plus S10 5G 
48,tech2eets,05-10-19,The  GalaxyA20s has been announced in India for a starting price of Rs 11999
50,tech2eets,01-10-19,GalaxyFold is finally arriving in India today Here is all you need to know  
51,tech2eets,30-09-19,You can buy GalaxyFold starting tomorrow Here is all you need to know  
52,tech2eets,30-09-19,From VivoV15Pro to GalaxyA50s here are the best smartphones under 25k to buy in October
53,tech2eets,30-09-19,Astronomers have discovered a 13billionyearold galaxy cluster that is the earliest ever observed
54,tech2eets,30-09-19,  GalaxyNote10Plus impresses with design but doesnt give enough of a reason to upgrade Read all 
55,tech2eets,30-09-19,From Realme2pro to galaxym20  here are the best budgetfriendly smartphones under 10k that you can purchase this 
56,tech2eets,30-09-19,TheBigBillionDays sale is now live From galaxys9 to Asus6Z to Pixel3a  here are the best deals on smartphones 
57,tech2eets,27-09-19,The  GalaxyWatchActive2 is priced at 279 and it is already on sale in the US 
58,tech2eets,26-09-19,You think GalaxyNote10 is heavy on your pocket Rumour has it that  might be working on an affordabl 
59,tech2eets,25-09-19,The  GalaxyA10s features a 62inch HD InfinityV display with a resolution of 720 x 1520 pixels Yo 
60,tech2eets,24-09-19,After a long delay the redesigned GalaxyFold priced at 1980 will finally make its way to the US on 27 Septembe 
61,tech2eets,24-09-19, unveils GalaxyA20s with triple rear camera setup and a 65inch display
63,tech2eets,19-09-19, is going to start rolling out the Android10 beta program for the GalaxyNote10 and GalaxyS10 devi 
64,tech2eets,18-09-19,The newly launched  GalaxyM30s has to compete in an increasingly crowded budget to midrange smartpho 
67,tech2eets,18-09-19, The highlight of the GalaxyA30s is its 6000 mAh battery and a 48 MP triple camera setup 
68,tech2eets,18-09-19, has launched two new Mseries smartphones in India today  galaxym30s and GalaxyM10s 
69,tech2eets,18-09-19, galaxym30s with a 6000 mAh battery and a triple camera setup will launch today Before it goes of 
70,tech2eets,11-09-19,The  GalaxyA50s and GalaxyA30s feature a triple rear camera setup and an indisplay fingerprint sensor 
72,tech2eets,09-09-19,The  GalaxyM30s is about to be announced in India on 18 September 
73,tech2eets,09-09-19,  had started acontest for what looked like the GalaxyA50s through its social media channels sugges 
76,tech2eets,04-09-19,The GalaxyFold will reportedly hit the shelves in the South Korean market on 6 September however  
79,tech2eets,02-09-19, upcoming GalaxyA90 may come with 5G support and a 48 MP triple camera setup 
80,tech2eets,30-08-19,Leaks suggest that upcoming GalaxyA71 and GalaxyA91 might come with  10  
81,tech2eets,30-08-19,Rumour has it that  might release its GalaxyFold in Korea on 6 September
84,tech2eets,27-08-19, has quietly launched the GalaxyA10s in India and it will be available for purchase starting tomorro 
85,tech2eets,26-08-19, is reportedly planning to launch a new smartphone under the Galaxy Mseries which will sport a trip 
86,tech2eets,22-08-19,The  GalaxyA50s and GalaxyA30s are slight upgrades over the Galaxy A50 and Galaxy A30 launched earlier
87,tech2eets,21-08-19,avengers fan  s got your back Marvelthemed cases are coming to GalaxyNote10  
88,tech2eets,14-08-19,Its official  GalaxyNote10 will launch in India on 20 August 
89,tech2eets,14-08-19,ICYMI the supermassive blackhole at the heart of our Milky Way galaxy Sagittarius A emitted a mysterious flas 
90,tech2eets,13-08-19,A strange flash of light was seen by astronomers from the blackhole are at the heart of our Milky Way galaxy 
92,tech2eets,09-08-19,The  Galaxy A70s will have specs similar to the Galaxy A70
93,tech2eets,08-08-19,GalaxyNote10 and GalaxyNote10Plus prebookings have started in India and will go on till 22 August Here is how 
95,tech2eets,08-08-19, benefitted the most from  troubles this past year With the brand new GalaxyNote10 its 
96,tech2eets,08-08-19,The new S Pen enables a lot of unique features on  Galaxy Note 10 series
97,tech2eets,07-08-19,The  Unpacked 2019 event showcased a new Galaxy Book S laptop powered by  Snapdragon 8cx process 
102,tech2eets,07-08-19,  With reverse charging the Galaxy Watch Active 2 can be charged with the Note 10 Its priced a 
103,tech2eets,07-08-19, The new S Pen will be compatible with more devices including the newly announced Galaxy Tab S6
104,tech2eets,07-08-19, The Galaxy Note 10 and Note 10 Plus are official 
105,tech2eets,07-08-19,The  Galaxy Unpacked 2019 has begun where the company could be launching the Galaxy Note 10 Stay tuned for updates
107,tech2eets,07-08-19,A few more hours to go for the GalaxyUnpacked event to kick off But before that here is a wrap of all the design 
108,tech2eets,07-08-19,Hours ahead of the official GalaxyUnpacked launch variants and pricing of the GalaxyNote10 smartphones have lea 
109,tech2eets,06-08-19,With just a day to go for the launch of the  GalaxyNote10Plus  points out the improvemen 
110,tech2eets,05-08-19,  brand new GalaxyWatchActive2 brings back bezel control without a rotating physical bezel 
111,tech2eets,04-08-19, may unveil the Exynos 9825 chipset on 7 AugustGalaxyUnpacked 
116,tech2eets,30-07-19,Recent leaks suggest that GalaxyNote10 might hit the retail stores on 23 August  
117,tech2eets,28-07-19,It appears  in an effort to compete with GalaxyFold had rushed its signature product the MateX 
118,tech2eets,28-07-19,This new colour variant for the  Galaxy Buds will be called Aura Glow and it will come in a silver case
119,tech2eets,26-07-19,A new colour variant of the GalaxyNote10 series has leaked and its a gorgeous gradient of white blue purple and 
121,tech2eets,25-07-19,The  GalaxyA10s is said to be powered by an Exynos chipset with a clock speed of 16GHz 
122,tech2eets,23-07-19,Are we finally going to see the  GalaxyFold launch soon 
123,tech2eets,18-07-19,  has officially taken the wraps off the Galaxy A80 smartphone in India and has priced the deviceRs 4799 
151,tech2eets,06-08-19,Next are the Acer Helios 300 and 700 The Helios series packs  RTX graphics cards in the MaxQ desi 
152,tech2eets,22-07-19, to unveil its S series in India on 7 August expected to launch VivoS1 
0,TechCrunch,30-10-19,Samsung ramps up its B2B partner and developer efforts  by  
1,TechCrunch,29-10-19,Samsung teases a clamshell foldable form factor  by  
2,TechCrunch,29-10-19,Samsungs new laptops charge phones with their touchpad  by  
3,TechCrunch,17-10-19,Samsung confirms glaring S10 fingerprint reader flaw promises fix  by  
4,TechCrunch,14-10-19,Samsung opens Android 10 One UI beta ahead of final launch  by  
5,TechCrunch,13-10-19,Samsungs Galaxy Fold concierge service is live in the US for those who need it  by  
6,TechCrunch,12-10-19,Samsungs Galaxy Watch Active 2 is a solid smartwatch for Android users  by  
7,TechCrunch,11-10-19,Life with the Samsung Galaxy Fold  by  
8,TechCrunch,02-10-19,Samsung pulls the plug on Chinese smartphone production  by  
9,TechCrunch,28-09-19,Samsungs new rebooted Galaxy arrives this week with one job it just needs to not break 
10,TechCrunch,24-09-19,Samsung Galaxy Fold take two  by  
11,TechCrunch,23-09-19,Five months later Samsungs Galaxy Fold arrives this week  by  
12,TechCrunch,16-09-19,Samsungs Galaxy Tab S6 combines creative flexibility with great design  by  
13,TechCrunch,05-09-19,After announcing Galaxy Fold release date Samsung cancels older preorders  by  
14,TechCrunch,05-09-19,Samsungs Galaxy Fold arrives in Korea September 6 US in coming weeks  by  
15,TechCrunch,23-08-19,Samsungs Note 10 is available today starting at 949  by  
16,TechCrunch,16-08-19,Samsung Galaxy Note 10 review  by  
21,TechCrunch,27-09-19,The Galaxy Fold is now available for purchase in the US 
22,TechCrunch,27-09-19,The Galaxy Fold is now available for purchase in the US  by  
23,TechCrunch,26-09-19,My Galaxy Fold display is damaged after a day  by  
46,TechCrunch,30-10-19,IoT security startup Particle has raised 40 million in its Series C round 
47,TechCrunch,08-10-19,German tech investor leads Series A for Germanys first medical Cannabis startup  by 
48,TechCrunch,24-08-19,Heres the first trailer for the upcoming Disney Star Wars series The Mandalorian  by  
49,TechCrunch,25-10-19,Pixelbook Go review a Chromebook in search of meaning  by  
50,TechCrunch,15-10-19,Up close with Googles budget Chromebook the Pixelbook Go  by  
51,TechCrunch,15-10-19,Google launches the 649 Pixelbook Go Chromebook  by  
0,techradar,30-10-19,Samsung brings QLED to the midrange  our handson Samsung Galaxy Book Ion review  
1,techradar,30-10-19,We saw it today  Samsung is teasing a Galaxy Home Mini before launching the actual Galaxy Home 
2,techradar,29-10-19,Samsungs flagship laptops go QLED  our handson Samsung Galaxy Book Flex review  
3,techradar,29-10-19,Samsungs clamshell foldable design is the future of the Galaxy Fold  
4,techradar,29-10-19,Samsung introduces a fleet of Ultrabooks with the first QLED displays for laptops  
5,techradar,29-10-19,Is this a case of Samsung borrowing a popular idea from Apple 
6,techradar,26-10-19,Black Friday TV sale at Walmart early access deals from Vizio Samsung amp more 
7,techradar,25-10-19,When it comes to the Samsung Galaxy S11 weve got a list of the things wed like to see Because its never too ea 
8,techradar,25-10-19,Samsung Sony Moto and more phones set to issue Android 10 update by end of year  
9,techradar,22-10-19,The LG G8X ThinQ with Dual Screen a twoscreen foldable alternative onethird the price of a Samsung Galaxy Fold 
10,techradar,22-10-19,Samsungs Galaxy Fold finally arrives in Australia next week 
11,techradar,18-10-19,Samsungs Galaxy Fold 2 could arrive as soon as April 2020 
12,techradar,17-10-19,US readers this is the cheapest Samsung laptop weve seen this year and its a real stunner 
13,techradar,17-10-19,Samsung Galaxy Note 11 could have an inscreen camera  
14,techradar,16-10-19,Will the Samsung Galaxy S11 be a device designed for viewing movies 
15,techradar,14-10-19,Samsung Galaxy S10 Lite or S11 Lite could be in the works  
16,techradar,10-10-19,Samsung Galaxy Note 10 Lite could be real and coming in two shades  
17,techradar,10-10-19,Samsung Portable SSD T5 is the games library you can fit in your pocket  ad 
18,techradar,09-10-19,A Samsung NVMe SSD 970 EVO Plus is the right fit for todays storagehungry games  ad 
19,techradar,08-10-19,Samsung Galaxy S11 could have some serious camera upgrades  
20,techradar,07-10-19,Samsung Galaxy S11 could land on February 18  
21,techradar,07-10-19,You can save 150 on this Samsung 4K TV and JBL soundbar bundle 
22,techradar,04-10-19,The Wall is here you can now put Samsungs 292inch TV in your living room 
23,techradar,04-10-19,Samsung Galaxy Home speaker will it ever be released 
24,techradar,04-10-19,The Wall is here you can now put Samsungs 292inch TV in your living room  
25,techradar,30-09-19,Samsung Galaxy Watch Active 2 review  
26,techradar,30-09-19,Samsung Galaxy S11 camera could have a 108MP sensor as well as a powerful zoom  
27,techradar,29-09-19,The best smartphone right now is the Samsung Galaxy S10 Plus  
28,techradar,29-09-19,And the Samsung Galaxy Fold breaks again  
29,techradar,28-09-19,Redesigned Samsung Galaxy Fold units have totally new ways of breaking  
30,techradar,28-09-19,Samsung Galaxy Note 10 Lite could be in the works  
31,techradar,27-09-19,The refined Samsung Galaxy Fold is officially available in the US  
33,techradar,27-09-19,Our full Samsung Galaxy Watch Active 2 review  
36,techradar,24-09-19,Your Samsung Galaxy S10 is about to get better with these Note 10 features  
37,techradar,22-09-19,We know this will make some of you very cross but the best smartphone right now is STILL the Samsung Galaxy S10 Pl 
38,techradar,21-09-19,How big is too big Samsung CRG9 review 
39,techradar,19-09-19,How big is too big Samsung CRG9 review  
40,techradar,15-09-19,Huawei Samsung Oppo LG and OnePlus have all made 5G phones so why is Apple behind   
41,techradar,14-09-19,Samsung Galaxy S11 could have a key iPhone 11 camera feature  
43,techradar,13-09-19,The best Android tablet on the market our review of the Samsung Galaxy Tab S6  
44,techradar,11-09-19,Samsungs 5G 8K TV promises to make Netflix streaming faster than ever 
45,techradar,10-09-19,RT  Shame Shame Shame Samsung  WefiesNokia  BothfiesHuawei  GroufiesApple  Slofies
46,techradar,06-09-19,Samsung Galaxy Tab S6 now available in the US Galaxy Watch Active 2 up for preorder  
47,techradar,06-09-19,Samsung Galaxy Fold preorders have been canceled just before release date  
48,techradar,05-09-19,The Samsung Galaxy Fold is back  but whats changed for the rerelease Our handson with the refined version 
49,techradar,05-09-19,HDR10 finally gets the 8K treatment  but only on Samsung TVs  
50,techradar,05-09-19,Samsung Galaxy Fold gets a release date redo starting September 6  
51,techradar,04-09-19,Samsung Galaxy Fold release date is September 6 according to new leak  
52,techradar,04-09-19,Samsung Galaxy Watch Active 2 release date set for UK  and its ahead of the US  
53,techradar,02-09-19,The next Samsung 5G phone could be the Galaxy A90  
54,techradar,01-09-19,Is Samsung going to sneak in a Galaxy Fold relaunch before Apple can debut the iPhone 11  
55,techradar,30-08-19,Samsungs Galaxy Fold could relaunch next week ending months of delays 
56,techradar,29-08-19,This is exactly why your Samsung Galaxy Note 10 needs a case  
57,techradar,29-08-19,iPhone 11 could have its own competitor to Samsungs Live Focus Video  
58,techradar,28-08-19,Samsung Galaxy Home release date hopes finally raised by beta rollout 
59,techradar,28-08-19,The end of OLED TVs How Samsungs QDOLED hybrid could shake up the market  
60,techradar,27-08-19,Fast charging tipped to be one of the key features of the Samsung Galaxy A90  
61,techradar,25-08-19,4 12 s Our Samsung Galaxy Note 10 Plus review  
62,techradar,25-08-19,The S Pen was always more than the little plasticandrubber sticks that with olds PDAs but this time Samsung has 
63,techradar,25-08-19,If the iPhone Pro exists itll be a XXL version of the Apple phone Would that challenge Samsungs success with 
64,techradar,23-08-19,Microsoft admits the Windows 10 Your Phone app works best with Samsung Galaxy Note 10  
65,techradar,22-08-19,Samsung Galaxy Note 10 Plus ongoing camera review and the first 72 hours  
66,techradar,20-08-19,How to disable Bixby on your Samsung phone and Samsung TV  
67,techradar,19-08-19,Our initial thoughts on the Samsung Galaxy Note 10  
68,techradar,19-08-19,Leaks suggest graphene will supercharge future Samsung phone batteries  
69,techradar,18-08-19,Lets take a look at those iPhone Pro rumors and how they may affect Samsung shall we  
70,techradar,17-08-19,RT  My first 24 hours w Samsung Galaxy Note 10 on  Loving almost everything especially the three camera perspectiv
71,techradar,17-08-19,Samsung phone leak points to whopping 108MP camera  but is it real  
72,techradar,17-08-19,Samsung Galaxy Tab A 105 2018 review  
73,techradar,17-08-19,Samsung Galaxy Note 10 Plus unboxing and first 24 hours  
75,techradar,13-08-19,Samsung Galaxy A10 is about to receive a newer better sibling  
76,techradar,13-08-19,New Samsung phone battery tech could be a huge boost to Galaxy S12  
77,techradar,13-08-19,Samsung Galaxy Watch Active 2 vs Apple Watch 4 which smartwatch is for you  
78,techradar,12-08-19,Move over 64MP Samsung unveils 108MP camera sensor destined for Xiaomi phone  
79,techradar,12-08-19,Samsung Galaxy Book S vs Microsoft Surface Pro 6  
80,techradar,12-08-19,Hands on Samsung Galaxy Book S review  
81,techradar,09-08-19,Samsung Galaxy S11s chipset may have just been benchmarked  
82,techradar,08-08-19,Samsung Galaxy Note 10 isnt for you if youre into mobile virtual reality  
83,techradar,08-08-19,Samsungs biggest phone yet  in more ways than one 
84,techradar,08-08-19,If you want an Apple Watch but dont have an iPhone then your best bet might be the Samsung Galaxy Watch Active 2 
85,techradar,08-08-19,Heres every official detail on Samsungs new laptop the Samsung Galaxy Book S  
86,techradar,07-08-19,Developing our first take on the Samsung Galaxy Book S  
87,techradar,07-08-19, Or maybe Drake shows up to announce a Samsung streaming service
89,techradar,07-08-19,RT  The Galaxy Watch Active 2 does a cameo alongside the GalaxyNote10 at the SamsungEvent 
90,techradar,07-08-19,RT  This is how AR Doodle looks on the Samsung Galaxy Note 10 Plus Its sort of like Instagram or Snapchat filters but you make
91,techradar,07-08-19,Samsungs built a smaller Galaxy Note 10 and we can tell you all about it 
92,techradar,07-08-19,Shh Its starting samsungunpacked2019 
93,techradar,07-08-19,SamsungUnpacked kicks off in just minutes Ready to see the Galaxy Note 10 for the first time So are we 
94,techradar,07-08-19,Which new Samsung device are you most looking forward to 
95,techradar,07-08-19,The SamsungEvent kicks off in one hour Brace yourselves for the muchanticipated Note 10Follow Samsungs lives 
96,techradar,07-08-19,Heres what were hoping to see from this supposed Samsung Galaxy Book S at the SamsungEvent in a little while 
97,techradar,07-08-19,A monstersized 68inch Galaxy Note 10 could be revealed during todays SamsungEvent Are your hands  big enough for it  
99,techradar,06-08-19,Samsung Galaxy Note 10 official photo and specs leaked  
100,techradar,06-08-19,Samsungs nextgeneration SSDs promise blazingfast speeds  
101,techradar,05-08-19,Samsung Galaxy Note 10 range leaked three times over including by Samsung itself  
102,techradar,05-08-19,Samsung Galaxy Tab S6 vs iPad Pro 2018 clash of the professional tablets  
103,techradar,05-08-19,JUST ANNOUNCED Samsung Galaxy Watch Active 2 has a rotating bezel that doesnt rotate  
104,techradar,04-08-19,Samsung Galaxy Note 10 price might not be any higher than Note 9  
105,techradar,04-08-19,Samsung Galaxy Tab S6 is official and could be a true iPad Pro rival  
106,techradar,03-08-19,Images of Samsungs upcoming Galaxy Book S laptop leak out  
107,techradar,03-08-19,These could be the names of the 2020 Samsung Galaxy Aseries phones  
108,techradar,02-08-19,Samsung Galaxy Note 10 Plus 5G version could go on sale on August 23  
109,techradar,02-08-19,Samsung Galaxy Note 10 colors leak shows less exciting options than Note 9  
111,techradar,02-08-19,New Samsung Galaxy Note 10 leak all but confirms lack of headphone jack 
112,techradar,01-08-19,Planning on buying a new Samsung device With 256GB of memory for the price of 64 this Samsung Galaxy S9 Plus deal 
113,techradar,01-08-19,Samsung Galaxy Tab S6 vs Samsung Galaxy Tab S4 is the new pro tablet worth the full price  
115,techradar,01-08-19,Latest Samsung Galaxy Watch Active 2 leaks give us the best look at it yet  
116,techradar,31-07-19,8K could soon be the new normal for Samsung TVs  
118,techradar,31-07-19,Samsung Galaxy Tab S6 live stream how to watch the big tablet launch live  
119,techradar,31-07-19,Samsungs giving us a couple of early gifts ahead of the Note 10 launch on Aug 7 Today well see a new Galaxy Tab 
120,techradar,30-07-19,OnePlus 7 Pro 5G beats Samsung Oppo and LG in speed tests  
121,techradar,29-07-19,Samsung Galaxy Note 10 Plus confirmed by Samsung itself  
122,techradar,25-07-19,The Samsung Galaxy Fold is bound for September  at least in some places  
123,techradar,25-07-19,Samsung Galaxy Watch Active update will make it easier to use  
124,techradar,25-07-19,Samsung Galaxy Note 10 could have a smarter camera than Galaxy S10  
125,techradar,25-07-19,Samsung Galaxy Fold release date the fixed version will launch in September  
126,techradar,25-07-19,Samsung Q60R QLED TV review Samsungs flagship screens without the flagship performance  
127,techradar,24-07-19,Samsung Galaxy Watch Active 2 leak hints its coming earlier than expected  
128,techradar,24-07-19,Samsung Galaxy Note 10 Plus may have five rear cameras Note 10 just three  
129,techradar,23-07-19,Samsung Galaxy Note 10 Pro sounds allpowerful in this new specs leak  
130,techradar,22-07-19,New Samsung Note 10 rumor suggests Zoom Audio and stylus gesture control  
131,techradar,22-07-19,Samsung Galaxy Space could be the companys next 2in1 laptop  
132,techradar,19-07-19,Our review of the Samsung Galaxy A80  Samsungs new midrange smartphone with a novel popup camera panel 
133,techradar,18-07-19,Samsung Galaxy Tab S6 leak offers more proof of rearmounted magnetic S Pen  
134,techradar,17-07-19,Samsung Galaxy S11 camera looks increasingly likely to get allnew 64MP sensor  
135,techradar,17-07-19,Samsung Galaxy Note 10 may miss out on this new gamingfocused chipset  
136,techradar,16-07-19,These Vizio Yamaha and Samsung soundbar deals kick off Prime Day 2  
137,techradar,13-07-19,Samsung could still be planning to launch a pair of augmented reality specs  
138,techradar,12-07-19,Samsung Galaxy Watch Active 2 leaked in official render  
139,techradar,10-07-19,Rumors suggest the Samsung Galaxy Watch 2 is coming later this year  heres what we know so far 
140,techradar,09-07-19,Samsung may release Galaxy Watch 2 before the Watch Active 2 after all  
141,techradar,06-07-19,Samsung may be about to launch an ultracheap tablet to rival Amazons Fire range  
142,techradar,06-07-19,Samsung Galaxy S10 vs S10 Plus vs S10e which Samsung flagship will suit your needs  
143,techradar,06-07-19,Leaked Samsung Galaxy Watch Active 2 images show barely any changes  
144,techradar,04-07-19,Samsung Galaxy Watch Active 2 may have two major Apple Watch 4 features  
146,techradar,04-07-19,Samsung is getting sued by the Australian consumer watchdog for its misleading Galaxy phones ads 
147,techradar,04-07-19,Will Nvidia join the 7nm party next year 7nm Nvidia GPUs could come in 2020 through partnership with Samsung 
148,techradar,03-07-19,Samsung Galaxy Fold has apparently been fixed  
149,techradar,02-07-19,Samsung finally bringing Night photo mode to US Galaxy S10 phones  
150,techradar,02-07-19,Samsung launches a Bixby marketplace for Alexastyle voice commands  
151,techradar,01-07-19,Samsung CEO admits the Galaxy Fold was released before it was ready  
152,techradar,01-07-19,The Galaxy Fold release date is still unconfirmed as Samsung CEO asks give us a little more time 
153,techradar,01-07-19,This is what the Samsung Galaxy Watch Active 2 could look like  
165,techradar,10-10-19,Galaxy Watch has reinvigorated the Tizen smartwatch range Congrats  for securing the Best Wearable at 
169,techradar,06-10-19,The Galaxy Fold is the most forwardthinking phone you shouldnt buy  
170,techradar,06-10-19,Anything can take down the Galaxy Fold  keys water sand credit cards or coins lodged in the middle of the folde 
185,techradar,20-09-19,Get an extra 50 off the Galaxy Tab S6 with Currys tablet tradein deal ad  
196,techradar,01-09-19,Our writers brandnew Galaxy Note 10 was too beautiful for this world  
198,techradar,31-08-19,iPhone 11 could have competitor to Galaxy Note 10s Live Focus Video  
220,techradar,07-08-19,Another year another Galaxy Note Heres how this years device changed in the last year  
221,techradar,07-08-19,So to recap todays GalaxyNote10 event thatsGalaxy Note 10 for 949Galaxy Note 10 for 1099Note 10 5 
223,techradar,07-08-19,Todays Galaxy Note event was a rollercoaster 
224,techradar,07-08-19,RT  Live Focus Video on the Galaxy Note 10 allows for a bokeh mode on well live video Heres how it looks 
227,techradar,07-08-19,New Galaxy Note 10 and Note 10 Plus checkinHuge phones  Huge screens   Huge power  Huge storage  
253,techradar,28-07-19,New images of the upcoming Galaxy Watch Active 2 leak out  
266,techradar,16-07-19,The Galaxy Watch Active 2 is on its way soon 
270,techradar,08-07-19,Leaked Galaxy Note 10 and Note 10 Pro case photos highlight their differences  
451,techradar,24-09-19,Google Pixel 4 XL handson reveals a better camera than the S10 Plus  
491,techradar,18-09-19,Loki TV show everything we know so far about the Disney Plus series 
493,techradar,28-10-19,These are the best Chromebooks of 2019 so far 
494,techradar,27-10-19,The Google Pixebook Go is the best Chromebook for the rest of us 
495,techradar,26-10-19,If you want the gold standard of a Chromebook its got to be the Pixelbook Go 
496,techradar,20-10-19,These are our favorite Chromebooks and by favorite we mean the best  
497,techradar,20-10-19,Chromebooks dont run Windows OS but theres plenty you can do with them Plus they cost less  
498,techradar,16-10-19,These are the Chromebooks that the upcoming Pixelbook Go are up against  
499,techradar,16-10-19,Should you buy a Chromebook We have some thoughts  
500,techradar,15-10-19,Introducing the Google Pixel Go A smaller lighter take Chromebook with an estimated 12hour battery life and spec 
501,techradar,11-10-19,Handson Pixelbook Go images reveal the upcoming Chromebook in full 
502,techradar,27-09-19,Heres why you shouldnt buy a new Chromebook just yet 
503,techradar,27-09-19,Weve been tracking the rumored Google Hatch Chromebook and so should you  
504,techradar,26-09-19,HP drops stylish new Chromebook x360 models with stylus support  
505,techradar,24-09-19,Pixelbook Go could be Googles next Chromebook with a 13inch 4K display  
506,techradar,23-09-19,Weve dug up all the scuttlebutt we could find on Googles next rumored Chromebook  
507,techradar,10-09-19,Is your Chromebook telling you to upgrade Dont worry Google says its a bug  
509,techradar,05-09-19,Some of Acers best Chromebooks score new processors and slimmer bezels  
510,techradar,29-08-19,A luxe Lenovo Chromebook leads new lineup of laptops desktops and monitors  
511,techradar,16-08-19,If youre in need of a Chromebook weve probably got a hardtested recommendation for your specific needs 
512,techradar,16-07-19,Theres been a ton of deals on Chromebooks for PrimeDayAmazon so weve updated our ongoing list of the Best Chrom 
513,techradar,15-07-19,Chromebooks are already affordable so these PrimeDay deals are ridiculous   
514,techradar,03-07-19,These are the best Chromebooks weve tested in recent memory  
0,verge,30-10-19,RT  Samsungs 65inch Q60 QLED 4K TV is 997 at Amazon which is the lowest price that weve seen so far If youre looking for
1,verge,30-10-19,Samsungs newest rugged tablet is available now in the US starting at 59999  
2,verge,30-10-19,Samsung Galaxy Fold rereview here we go again  
3,verge,30-10-19,Samsungs new Galaxy Book Flex and Ion laptops bring better designs to the lineup  
4,verge,29-10-19,Samsung unveils new foldable compact phone concept 
5,verge,29-10-19,Samsungs new Galaxy Books double as a wireless charger 
7,verge,28-10-19,Samsungs space selfie balloon crashlands on Michigan farm  
8,verge,24-10-19,Samsung announces more powerful Exynos processor without builtin 5G  
9,verge,23-10-19,Samsung has reportedly fixed the Galaxy S10 fingerprint recognition issue  
10,verge,23-10-19,Samsung patent application reveals augmented reality headset design  
12,verge,18-10-19,Samsung says fingerprint security fix is coming as early as next week  
14,verge,17-10-19,Samsung to patch the Galaxy S10s fingerprint sensor over screen protector concerns  
15,verge,14-10-19,Samsung launches Android 10 beta for Galaxy S10 devices  
16,verge,12-10-19,Samsung Galaxy Watch Active 2 review good is as good as it gets  
19,verge,08-10-19,iFixits new Galaxy Fold teardown shows exactly how Samsung tried to fix the Fold  
20,verge,08-10-19,Samsungs new Chromebook 4 offers a refined design USBC charging and now comes in two sizes 
23,verge,05-10-19,The Galaxy Fold fell short of Samsungs claims in folding torture test  
25,verge,04-10-19,Samsungs Galaxy Home Bixby speaker quietly missed another launch date  
26,verge,03-10-19,Samsung phones now work with wireless Android Auto  
28,verge,28-09-19,Samsung Galaxy Tab S6 review flashy hardware let down by sloppy software  
29,verge,25-09-19,RT  Samsung Galaxy Tab S6 review master entertainer amateur worker 
32,verge,24-09-19,Samsung will let Galaxy Fold owners replace their screens once for 149  
33,verge,24-09-19,Samsungs new camera sensor has the tiniest pixels ever  
34,verge,24-09-19,Samsung Galaxy S10 gets DeX support and Note 10 camera features  
35,verge,21-09-19,The Galaxy Fold is still extremely fragile and Samsung knows it  
46,verge,08-10-19, looks at whether the Galaxy Watch Active 2 will finally solve the problem of smartwatches for Android use 
51,verge,05-10-19,Google finds Android zero day that can take control of Pixel and Galaxy devices  
60,verge,24-09-19,The Galaxy Fold goes on sale again in the US on September 27th  
100,verge,24-10-19,Chromebooks will more easily sideload Android apps with Chrome OS 80 in February  
101,verge,23-10-19,Chromebook 101 whats different about the Chromebook keyboard  
103,verge,22-10-19,How to remap your Chromebooks keyboard  
105,verge,19-10-19,Pixelbook Go handson Googles cheapest Chromebook yet 
106,verge,17-10-19,How the Pixelbook Go compares to other Chromebooks  
108,verge,16-10-19,Chromebook 101 How to change your Chrome OS channels and get unreleased features  
109,verge,16-10-19,Pixelbook Go Google finally made a reasonably priced Chromebook 
113,verge,12-10-19,Chromebook 101 how to customize your Chromebooks desktop    
114,verge,10-10-19,Chromebook 101 how to use Android apps on your Chromebook  
116,verge,09-10-19,Chromebook 101 How to add another user to your Chromebook  
120,verge,27-09-19,HPs new Chromebooks support the universal stylus standard  
121,verge,21-09-19,The best Chromebook you can buy right now 
