Date,Tweets
24/10/2019,RBS pulls Samsung Galaxy S10 app over security flaw 
17/10/2019,Any fingerprint unlocks Galaxy S10 Samsung warns 
9/5/2019,Samsung Galaxy Fold UK launch date revealed 
8/7/2019,Galaxy Note 10 Samsung hopes to strike the right Note 
25/7/2019,RT  Samsung says the Galaxy Fold will go on sale in September after faulty screens delayed the launch 
7/4/2019,Samsung sued over waterresistant phone claims 
17/6/2019,Samsung TVs should be regularly viruschecked the company says 
30/4/2019,Samsung unveils TV that can switch to vertical mode 
22/4/2019,Samsung Galaxy Fold launch events delayed in China 
17/4/2019,Samsungs folding phone breaks for reviewers 
16/4/2019,RT  Heres my first handson with the Samsung Galaxy Fold GalaxyFold 
24/2/2019,RT  Our folding phone is bigger and better than Samsungs says Huawei 
21/2/2019,Samsung on whether you can end calls on the GalaxyFold by snapping it shut like the old flip phones 
21/2/2019,RT  Important can I answer calls with the phone unfolded and then hang up by snapping it shut   Samsung
20/2/2019,Samsung Galaxy Fold The internet reacts 
20/2/2019,Samsung reveals Galaxy Fold and S10 5G 
1/8/2019,CES 2019 Samsung adds rival Apples iTunes to smart TVs 
1/7/2019,RT  Samsung has revealed a 75in 190cm television made of modular panels you can rearrange  CES2019 
12/10/2018,Huawei Honor View20 and Samsung A8s have holepunch cameras 
12/3/2018,Samsung Nigeria tweets update using Apple iPhone 
23/11/2018,Samsung apologises to sick factory workers 
11/7/2018,RT  After 5 years of talking about folding devices Samsung unveiled theirs at SDC18 
11/1/2018,Samsung agrees to payouts after worker deaths 
24/10/2018,Apple and Samsung fined by Italian authorities over slow phones 
9/5/2018,Samsung Time for folding smartphones 
8/9/2018,Samsung Galaxy Note 9 warns of wonky photos 
31/7/2018,Why is Samsungs Galaxy S9 flagship struggling 
31/5/2018,Samsung wont be forced to update old phones 
25/5/2018,Apple awarded 539m in US patent case against Samsung 
14/5/2018,AppleSamsung patent battle revived in California court 
25/2/2018,Samsung Galaxy S9 gets super slowmo and AR emojis 
25/2/2018,Samsung Galaxy S9 focuses on the camera 
21/2/2018,Samsung Galaxy S9 smartphone images leaked by MWC app 
21/2/2018,Guardians of the Galaxy Vol 2 Visual effects revealed 
30/10/2019,Samsung One UI 2 Gets an Official Reveal With Smarter Dark Mode More
29/10/2019,Samsung Unveils Another Smart Speaker That May Never Launch
29/10/2019,Samsung Showcases Foldable Phone Concept With Clamshell Design
24/10/2019,Pixel 4 XL Teardown Reveals Samsung Display Almost Decent Repairability Score
18/10/2019,Samsung Issues Statement on Fingerprint Vulnerability Software Update is Coming
14/10/2019,Samsung Galaxy S10 owners any luck enrolling in the Android 10One UI 20 beta yet The Samsung Members app appears to be having issues
14/10/2019,Samsung One UI Beta for Android 10 Arrives Today in US on Galaxy S10 Line
10/11/2019,DEAL Samsung Offers 500 Off Galaxy Note 10 With Select TradeIn Throwing in Free 200 Credit or Wearable Bundle 
10/9/2019,Samsung confirms Unlocked ATampT and TMobile Galaxy S10 S10 and S10e models will have first dibs at the Android 
10/8/2019,Samsung Confirms One UI 20 Coming Soon to Galaxy S10 Lineup
10/3/2019,Samsung Pay Gets International Money Transfers
27/9/2019,Lets unbox Samsungs 1980 Galaxy Fold galaxyfold 
17/9/2019,Report Samsung Launching Android 10 Beta Next Month
9/9/2019,Samsung Says Hundreds of Apps Now Optimized for Galaxy Fold galaxyfold 
9/6/2019,  what are the samsung issues as for iphone vs p4 we wont have any good idea until next m 
9/5/2019,Samsung Finally Cancels Original Galaxy Fold PreOrders Offers 250 Credit galaxyfold 
9/5/2019,Samsungs Galaxy Fold is Back Available for Purchase This Month galaxyfold 
9/4/2019,Discord Integration Arrives for Samsungs Game Launcher App
28/8/2019,Samsung Galaxy Note 10 Review It Doesnt Get Much Better Than This
28/8/2019,Samsung still offering 600 off Galaxy Note 10 purchases with eligible tradeins 
27/8/2019,Samsung Keeps Note 10s 600Off Trade Deal Alive Adds 4 Months Free YouTube Premium GalaxyNote10 
24/8/2019,Windows and Mac apps for Samsungs DeX arrive 
24/8/2019,If you own a Samsung Galaxy phone on Verizon youre likely getting the August patch right now
23/8/2019,Windows and Mac Apps for Samsungs DeX are Live 
23/8/2019,Video Appears to Show Off Samsungs One UI 20 Running Atop Android 10
22/8/2019,Samsung is so weird sometimes
21/8/2019,Samsung Wins Today With Their Green Bubble GIFs
13/8/2019,Samsung Said to be Readying Graphene Batteries Capable of Insanely Fast Charge Times
8/12/2019,Samsung Still Cutting 600 Off Note 10 With Select TradeIns Ups Galaxy S9 Value to 350 galaxynote10 
8/9/2019,Samsungs Galaxy Home smart speaker is still in development a year after being announced 
8/8/2019,Samsung Still Working to Refine and Enhance BixbyPowered Galaxy Home Speaker
8/7/2019,Samsung Galaxy Note 10 and Note 10 Official PreOrders Start Tomorrow for 949
8/7/2019,Samsung Galaxy Note 10 Galaxy Note 10 Specs Official galaxynote10 
8/6/2019,Samsungs Galaxy Watch Active 2 is now official launches next month 
8/5/2019,Samsung Galaxy Watch Active 2 Official Priced Starting at 279 With PreOrders in September
8/3/2019,Samsung is watering down the Note line with the Galaxy Note 10
8/2/2019,Samsung is Watering Down the Note Line for No Good Reason
8/1/2019,Samsung has a new 650 tablet for those interested in Android tablets
31/7/2019,Samsungs Galaxy Tab S6 is a 649 Tablet in a World Without Many Android Tablets
30/7/2019,Samsung to Announce Galaxy Tab S6 Watch Active 2 Prior to Note 10 Event
26/7/2019,Samsung offers upto 600 off Note 10 with specific trades 
25/7/2019,Official Samsungs Galaxy Fold is ReLaunching in September galaxyfold 
23/7/2019,Samsungs Galaxy Watch Active Gets a Big Ol Update
23/7/2019, nothing is confirmed samsung hasnt yet announced if the phone will indeed feature a battery 
18/7/2019, the 12GB packages combining eight of the 12Gb chips arent yet in mass production Samsung says later t 
18/7/2019,Samsung Readying 12Gb LPDDR5 Mobile DRAM for Galaxy Note 10
7/10/2019,Pujie Black Available for Samsung Galaxy Wearables
7/2/2019,Samsungs Galaxy Fold was pushed out too early guys galaxyfold 
7/1/2019,Samsung is offering really solid tradein values for older phones like 350 for the Galaxy S8
7/1/2019,This Might Shock You but the Samsung Galaxy Fold was Rushed galaxyfold 
7/1/2019,DEAL Samsung Goes Wild With Trades Toward Galaxy S10 350Off for a Galaxy S8 galaxys10 
24/6/2019,Verizon TMobile Samsung and LG Devices Getting Security Patches
19/6/2019,Samsung irons out most Galaxy Fold issues is ready to release it to market 
19/6/2019,Samsung Most Galaxy Fold Display Issues Ironed Out Ready for Launch
15/6/2019,DEAL Samsung Galaxy Buds are 9999 at Verizon 30 Off
14/6/2019,Samsung Galaxy Fit Activity Tracker Now Available for 99
6/5/2019,Samsung celebrates 10th anniversary of Galaxy with deals and promos 
6/4/2019,Samsung Galaxy Home Launch Still Happening Scheduled for Q3
6/4/2019,Today is Galaxy Day MonthLong Celebration With Deals and Promos From Samsung
29/5/2019,Samsung has plans for 100W USBC chargers 
28/5/2019,Samsung has Plans for 100W USBC Chargers
27/5/2019,Samsung Loves Its Hole Punches Shares Free DisneyPixar Wallpapers for Galaxy S10 galaxys10 
24/5/2019,DEAL Samsungs Fast Wireless Charger is 50 Off Down to 1499
24/5/2019,With Still No Word From Samsung Best Buy Cancels All Galaxy Fold PreOrders
21/5/2019,We Hope Samsungs New 5x Optical Zoom Lens Ships With the Galaxy Note 10
20/5/2019,One UI update rolling out to Samsungs wearable lineup starting this week 
20/5/2019,Samsung Announces One UI for Wearable Lineup Highlights Better Battery and Cleaner UI
13/5/2019,Upcoming Phone Designs From OPPO Samsung and Huawei Might Get Weird
5/10/2019,Samsung ups its tradein offer to 400 off a Galaxy S10 
5/9/2019,Samsung Galaxy Fold supposedly ready to make a comeback 
5/9/2019,DEAL Samsung Ups Tradein Offer to 400 Off Galaxy S10 galaxys10 
5/9/2019,Samsungs Galaxy Fold is Ready to Return galaxyfold 
5/7/2019,Samsung is Still Trying to Fix the Galaxy Fold Asks if People Want to Keep PreOrders galaxyfold 
5/6/2019,DEAL Samsung Gear S3 Frontier Drops to 109 With 90 Discount
5/3/2019,Samsung Pay support comes to Simple Bank 
5/2/2019,Simple Bank Finally Finally Adds Support for Samsung Pay
30/4/2019,DEAL Samsung Will Still Give You 200 Off the Galaxy S10 for Trading in Any Smartphone galaxys10 
23/4/2019,Samsungs Galaxy View 2 looks pretty good when compared to the original 
23/4/2019,Samsung officially delays launch of the Galaxy Fold 
22/4/2019,Samsung Galaxy View 2 Looks Way Better Than the Original
22/4/2019,Samsung confirms Galaxy Fold delay as it investigates and runs internal tests 
22/4/2019,Samsung Might Have Delayed the Galaxy Fold galaxyfold 
19/4/2019,DEAL Samsung Offering Instant 300 Off Galaxy S10 With Trade galaxys10 
18/4/2019,Samsung Spins Bright Night Camera Feature Into Standalone Mode
16/4/2019,Samsung Quickly Sold Out of the 2000 Galaxy Fold galaxyfold 
16/4/2019,Samsungs Galaxy Fold has support for all major US carrier bands 
15/4/2019,Samsungs Galaxy Fold has Support for All Major US Carriers Bands galaxyfold 
13/4/2019,How has your experience been with Samsungs tradein program 
4/12/2019,Hows Your Experience Been With Samsungs TradeIn Program galaxys10 
4/11/2019,Invitations to purchase Samsungs 1980 Galaxy Fold apparently roll out tomorrow 
4/11/2019,Samsung Says You Should SignUp Today to be First in Line to Purchase Galaxy Fold galaxyfold 
4/10/2019,Samsung Galaxy A80 Trades Notches and Cutouts for PopUp Flippy Camera
4/9/2019,DEAL Need More Storage Get a Samsung 128GB MicroSD for 20
4/2/2019,DEAL Samsung Will Give You 200 TradeIn Value Towards Galaxy S10 for Any Android Device Even If Its Cracked
28/3/2019,Samsung shows the Galaxy Fold can fold a lot of times 
22/3/2019,Samsungs 550 Off TradeIn Galaxy S10 Deal is Still Live Plus BOGO ATampT and Verizon galaxys10 
22/3/2019,DEAL Samsung Wireless Charging Pad is 15 10000mAh Fast Battery Pack is 16 galaxys10 
20/3/2019,Poll Do Your Own a Google Samsung or OnePlus Phone
19/3/2019,Heres the 2000 ATampT Samsung Galaxy Fold Being Fondled galaxyfold 
16/3/2019,Samsung still offering up to 550 in tradein credit towards the purchase of a Galaxy S10 
15/3/2019,You Still Have Time to Take Advantage of Samsungs 550 Tradein Offer for the Galaxy S10
15/3/2019,Samsung Galaxy S10e Review Yo This is the Phone galaxys10e 
14/3/2019,Samsung Galaxy S10 Review Mostly Excellence Slight Disappointment
3/8/2019,DEAL Samsungs Excellent Galaxy Buds 25 Off at ATampT
3/8/2019,Time probably running out to take advantage of Samsungs really good tradein offer 
3/8/2019,Samsungs Good Lock app gets updated to work with Android Pie 
3/7/2019,Samsungs Good Lock App Updated to Work With Android Pie
3/6/2019,Report Your Samsung Galaxy Depreciates at Alarming Rate 42 in Month One
3/6/2019,Samsung is Folding Sht in All the Directions
3/5/2019, samsung tho lol
28/2/2019,Samsung Now Lets You Remap Bixby Button Just Not to Google Assistant
27/2/2019,Buying the Galaxy Fold will be unlike most Samsung products 
25/2/2019,Everyone see Samsungs new Galaxy Fold video It shows a lot of the device in action
25/2/2019,Samsung Releases the Galaxy Fold HandsOn Video You Wanted galaxyfold 
20/2/2019,Samsung Announces Galaxy S10 Family Starting at 900 galaxys10 
20/2/2019,Samsung Announces New Galaxy Watch Active Galaxy Fit and Galaxy Buds
20/2/2019,Official Specs Samsung Galaxy S10 S10 S10 5G and S10e galaxys10 
20/2/2019,Here is the Samsung Galaxy Fold galaxyfold 
20/2/2019,Watch Samsungs Galaxy S10 Galaxy Fold Event Live at 11AM Pacific
19/2/2019,Samsung Galaxy Fold Samsung Galaxy Fold
19/2/2019,And Heres a Samsung Galaxy S10 Promo Video Leak 
19/2/2019,Samsungs Internet browser gets a big One UI update
18/2/2019,Samsung Internet Gets One UI Makeover Complete With Dark Mode Support
16/2/2019,DEAL 300 Off Unlocked Samsung Galaxy Note 9 Today With Code galaxynote9 
15/2/2019,Samsung Outs Its Entire New Galaxy Wearable Line Early
13/2/2019,You can already reserve your Galaxy S10 from Samsung 
2/12/2019,Samsungs Galaxy S10 Arrives March 8 Get Up to 550 Off With Trade if You Reserve Now
2/12/2019,Samsung keeps teasing the fold 
2/11/2019,What Exactly is Samsung Trying to Tease Here
2/9/2019,A Fresh Clean HighRes Look at Samsungs Galaxy S10 and Galaxy S10e
2/7/2019,Verizon Valentines Deals Arent Awful 300 Off Pixel 3 BOGO Samsung deals 
2/4/2019,Samsung and fake Supreme are no longer working together
2/2/2019,Samsung Galaxy S10 Galaxy S10 Stop by the FCC galaxys10 
2/1/2019,DEAL Samsung Galaxy Note 9 S9 and S9 are 150 Off deals 
2/1/2019,Samsung brings out the cool concepts shows off foldable phone too
2/1/2019,Samsung pulled that concept video but we grabbed some extra screenshots from it
31/1/2019,Samsung Teases Foldable Phone in Futuristic Concept Video
31/1/2019,Samsung Galaxy Buds reported to launch with the Galaxy S10 
30/1/2019,Samsung Just Made a 1TB UFS 21 Chip for Smartphones Probably the Galaxy S10 galaxys10  
30/1/2019,Samsungs doing a bit better of a job at updating 
29/1/2019,Hey Samsung Better Job With Pie Updates so Far
29/1/2019,Samsung Galaxy S9 Gets Android Pie One UI Update on First US Carrier galaxys9 
25/1/2019,No bueno Samsung
24/1/2019,This is Bad Samsung
22/1/2019,Jesus Finally Target Will Soon Accept Google Pay Samsung Pay
14/1/2019,Heres Everything We Know About Samsungs GalaxyS10 so Far
14/1/2019,Samsungs 5G Galaxy S10 Might Add an X to Its Name Go Nuts With Specs galaxys10 
1/11/2019,DEAL Samsung Galaxy Note 9 S9 S9 All 200 Off With Up to 300 Off in Trades deals 
1/11/2019,There has been a ton of different Galaxy phones from Samsung over the years Which one stands out the most to you
1/11/2019,Well also see a fully functional foldable from Samsung on February 20 
1/10/2019,10 Years of Samsung Galaxy S Phones Which Stands Out the Most galaxys10 
1/10/2019,Fully Functional Foldable From Samsung Coming on February 20 Too
1/10/2019,Samsung is Announcing the Galaxy S10 on February 20 galaxys10 
1/7/2019,Sprints Samsung 5G Phone is Coming This Summer sprint ces2019 
1/4/2019,Samsung its time to move on from the curved display
1/3/2019,I Just Need Samsung to Ditch the Curved Display Now galaxys10 
1/3/2019,Samsung has another Pie roadmap with Galaxy Note 9 and Note 8 bumped up a month 
1/2/2019,Samsung Provides Different Pie Update Roadmap Galaxy Note 9 and Note 8 Bumped Up a Month
26/12/2018,Samsungs Pie Update Roadmap Wont Make You Envious of Galaxy Owners
21/12/2018,Samsung is Coming for Googles Night Sight Camera Magic
21/12/2018,Report Google Assistant Launching on 2019 Samsung Smart TV Lineup
19/12/2018,DEAL Samsung 10000mAh Fast Charge Battery Pack is 1599 19 Off deals 
19/12/2018,Verizon Updates Samsung Galaxy S7 S7 Edge LG V30
12/12/2018,Samsung is now reevaluating its partnership with fake Supreme
12/12/2018,DEAL Samsung Drops 300 Off Carrier Galaxy Note 9 250 Off Galaxy S9 galaxynote9 
12/11/2018,Did Samsung just partner with a knockoff Supreme label to sell stuff in China Yes 
12/10/2018,Samsung Embarrassingly Partners With Fake Supreme 
12/10/2018,Samsung Galaxy A8s With Infinity O Display Official for China
12/5/2018,ATampT Announces Another Samsung 5G Device With Better Connectivity 5g 
12/5/2018,ATampT says it will carry Samsungs 5G smartphone in early 2019 
12/4/2018,ATampT Will Also Carry Samsungs 5G Phone Next Year
12/4/2018,Verizon and Samsung launching 5G phone in first half of 2019 
12/3/2018,DEAL Samsung Wireless Charger Duo for Just 50 on Amazon 70 Off
12/3/2018,Verizon and Samsung Launching 5G Phone in First Half of 2019 Proof of Concept Coming This Week
30/11/2018,DEAL Verizon Galaxy Note 9 300 Off Today Only From Samsung GalaxyNote9 
29/11/2018,Samsungs 12 Days of Deals is Here Save on TVs Phones and Get Free Stuff 
29/11/2018,TMobile is giving away Samsung 50 4K TVs in new deal
29/11/2018,Samsung One UI Gets Updated Loads of Bug Fixes Inside
28/11/2018,Buy a Samsung Galaxy on TMobile Get Free 50 4K Smart TV
28/11/2018,Huawei Beats Samsung to Full Display With Camera Cutout Hole 
28/11/2018,Looks like Project Fi will soon support Samsung OnePlus and iPhone devices 
26/11/2018,Verizon Samsung Galaxy Devices LG V40 ThinQ Receive Security Patch Updates
25/11/2018,Samsung Cyber Monday Deals are Live CyberMondayDeals 
23/11/2018,Black Friday 2018 Best Google and Samsung Phone Deals BlackFriday2018 
22/11/2018,Dont sleep on Samsungs BlackFridayDeals
20/11/2018,Samsung microSD cards are so cheap right now
20/11/2018,Amazon matches Samsungs big BlackFridayWeek 200 off sale on Note 9 S9 and S9
19/11/2018,Samsung EVO Select MicroSD Cards are Stupid Cheap Right Now 128GB for 1999 BlackFridayWeek 
19/11/2018,DEAL Amazon Matches Samsungs 200 Off Galaxy S9 S9 and Note 9 Deal BlackFriday2018 
18/11/2018,Samsungs BlackFriday2018 deals are here with up to 300 off Note 9 S9
18/11/2018,Samsung Black Friday Deals Now Live Up to 300 Off Galaxy Note 9 S9 and S9 BlackFriday2018 
16/11/2018,Video Tour of Samsungs new One UI on a Galaxy S9 galaxys9 
16/11/2018,Samsungs One UI Beta with Android Pie goes live for Galaxy S9 S9
16/11/2018,Samsung is going to annoy you over use of free themes
15/11/2018,Video First Look at Samsung One UI Beta on Galaxy S9 galaxys9 
15/11/2018,Samsung One UI and Pie Beta Program Now Live in the US for S9 galaxys9 
15/11/2018,Samsung Doesnt Want You Using Free Themes Anymore
14/11/2018,Samsung might skip the notch on Galaxy S10 and go with InfinityO
11/9/2018,DEAL Verizon Galaxy S9 Note 9 are 100 Off From Samsung With 300 Bonus Bundle galaxynote9 
11/8/2018,Here are some display specs for Samsungs foldable Infinity Flex display
11/8/2018,Heres a pretty Samsung One UI wallpaper for you
11/8/2018,A photo tour of Samsungs new One UI
11/8/2018,Samsung has notched displays in the works You OK Samsung fans
11/8/2018,Samsungs new One UI looks pretty is ready for Galaxy S9 and Note 9 beta testers
11/8/2018,And here is Samsungs first foldable display phone
11/7/2018,Samsung Revealed Infinity Flex Display Specs for Its Foldable Phone
11/7/2018,You Know You Want That Wallpaper From Samsungs One UI
11/7/2018,Heres a Photo Tour of Samsungs One UI
11/7/2018,Samsung Who Laughed at Googles Notch is Ready to Introduce Notches Maybe
11/7/2018,Samsung One UI is the Software UX Refresh Weve Been Waiting For
11/7/2018,Here is Samsungs Foldable Display Device
11/7/2018,Samsung Experience aka TouchWiz refresh Yes please 
11/7/2018,Samsungs Galaxy Home Bixby Speaker Arrives at FCC in Time for Launch Details
11/7/2018,Watch Samsungs Developer Conference Where We May See a Foldable Phone
11/6/2018,Were learning more about Samsungs foldable ahead of a potential unveiling this week at SDC 
11/5/2018,Samsung May Launch Android Pie Beta Program During SDC This Week
11/5/2018,Latest Samsung Foldable Device Report Aligns With Concept Image From 2017
26/10/2018,Samsung still seems confused on what foldable device will be 
26/10/2018,Samsung Still Seems Confused on Its Foldable Phone But Itll Run Special Android galaxys10 
28/10/2019,US Galaxy S10 Lineup Getting Note 10s Live Focus Video AR Doodle in New Update
25/10/2019,One UI 20 Beta Opened to Galaxy Note 10 Lineup
10/7/2019,Theres Something Off About These Galaxy Fold Reviews on Best Buy
10/4/2019,Our thoughts after a week with the Galaxy Fold 
10/4/2019,Galaxy Fold Thoughts After a Week of Folding My Phone
10/3/2019,VIDEO Our Favorite Galaxy Fold Features galaxyfold 
10/1/2019,Drop Test Confirms Dont Drop the Galaxy Fold
30/9/2019,Verizon Galaxy S9 S9 Getting September Security Patch
30/9/2019,My Galaxy Fold Display is Not Damaged After a Day galaxyfold 
27/9/2019,Verizon Galaxy S8 S8 Note 8 and S10 5G Receive September Security Patch
27/9/2019,Podcast We Have the Galaxy Fold Show kicks off at 1230PM Pacific
27/9/2019,RT  2 Galaxy Folds gt 4 iPhone 11 Pros lol 
24/9/2019,Galaxy S10 Family Picking Up Suite of Note 10 Features in New Update
23/9/2019,Galaxy Fold Arrives This Week in the US galaxyfold 
20/9/2019,We Crushed 8GB Data on Verizon 5G in 1 Minute With a Galaxy Note 10 5G 5G 
20/9/2019,Verizon Galaxy S10 Note 10 Lineups Updated With September Security Patch
18/9/2019,Android 10 beta for Galaxy S10 Galaxy Note 10 reported to launch next month 
13/9/2019,Pixel 4 XL Gets a Galaxy Note 10 Comparison Already pixel4
9/11/2019,5 Reasons the Galaxy Note 10 is Worth Buying
9/11/2019,Second Galaxy arrives for Android 
9/10/2019,Second Galaxy Available for Android Reminds Me a Lot of EVE Online
9/5/2019,Android 10 Update for TMobile Galaxy Note 10 Galaxy S10 Already in Testing
30/8/2019,RT  PSA Public Software Announcement  GalaxyS10 devices getting SW update including bug fixes security updates amp Nigh
29/8/2019,Verizon Galaxy S10 Family Grabs a Fresh Update
29/8/2019,Hole punch wallpapers for your Note 10 are here galaxynote10 
29/8/2019,Our Galaxy Note 10 review galaxynote10 
28/8/2019,Cool Wallpapers to Go With Your GalaxyNote10 Camera Cutout
26/8/2019,PSA Your GalaxyNote10 Doesnt Have a Dead Pixel Thats the Proximity Sensor
23/8/2019,We got a couple Galaxy Note 10 phones We did a podcast about it 
23/8/2019,A Lot of Galaxy Phones on Verizon are Getting Updated With August Security Patch
23/8/2019,VIDEO First 10 things to do with the Galaxy Note 10
22/8/2019,Galaxy Note 10 First 10 Things to Dogalaxynote10
22/8/2019,Last Chance to Get the Galaxy Note 10 150 PreOrder Credit galaxynote10 
21/8/2019,VIDEO Galaxy Note 10 Unboxing
21/8/2019,Verizon Galaxy Note 10 lineup getting updated 
20/8/2019,Verizon Galaxy Note 10 Lineup Already Getting First Update
19/8/2019,Galaxy Note 10 Orders Now Shipping With Wednesday Arrival galaxynote10 
14/8/2019, Galaxy Fold running KitKat Very nice P
8/12/2019,Both DxOMark and DisplayMate are loving the Galaxy Note 10 
8/12/2019,Both DxOMark and DisplayMate Love the Galaxy Note 10
8/8/2019,Handson with the Galaxy Note 10 and Note 10 
8/8/2019,Video Galaxy Note 10 Note 10 First Look
8/8/2019,These are the best deals for the Galaxy Note 10 so far 
8/8/2019,600 off a Galaxy Note 10 aint bad at all 
8/8/2019,All your Galaxy Note 10 specs are right here 
8/8/2019,Galaxy Note 10 is all official now Preorders start at midnight tonight priced starting at 949 
8/8/2019,Poll Buying a Galaxy Note 10 galaxynote10 
8/7/2019,Best Galaxy Note 10 Note 10 and Note 10 5G PreOrder Deals galaxynote10 
8/7/2019,Reserve Your Galaxy Note 10 Now and Save Up to 600 With Eligible TradeIn
8/7/2019,You can watch the Note 10 event right here if you want GalaxyUnpacked 
8/6/2019,Heres a Galaxy Note 10 Note 10 Official Feature Leak galaxynote10 
8/5/2019,Verizon Galaxy S9 S9 and Note 9 Getting Dark Mode Camera Update
8/2/2019,Galaxy Note 10 in some pretty colors 
8/1/2019,This is probably the biggest Galaxy Note 10 leak of all 
8/1/2019,Heres the Galaxy Note 10 in Most of Its Pretty Colors
8/1/2019,Verizons Galaxy S10 Family Grabs Pair of Updates
8/1/2019,The Big Galaxy Note 10 Leak is Here
29/7/2019,Verizons Galaxy Note 10 5G has been tested 
29/7/2019,Verizons Galaxy Note 10 5G has Been Tested GalaxyNote10 
27/7/2019,Hi Galaxy Watch Active 2 
27/7/2019,Dont miss this weeks show We covered the TMoSprint merger Galaxy Note 10 and Pixel 4 
26/7/2019,Heres the Galaxy Watch Active 2 Thanks to the FCC galaxywatchactive2 
26/7/2019,DEAL All Unlocked Galaxy S10 Phones are 400500 Off at Best Buy Today galaxys10 
26/7/2019,Galaxy Note 10 Launch Day is August 23 Reservations Now Open With 600 Off for TradeIns galaxynote10 
26/7/2019,TMobile is done with the Galaxy Fold
25/7/2019,Galaxy Fold is almost ready for its comeback in September
25/7/2019,TMobile Wont Sell the Galaxy Fold
25/7/2019,Galaxy Note 10 5G for Verizon Disclosed Appears to be Limited Time Exclusive
24/7/2019,Verizon Galaxy S7 S7 Edge S8 S8 and Note 8 Get Updated Security Patches
23/7/2019,Galaxy Note 10 Note 10 Specs Reported to Include a Processor Display and Possibly Internal Storage
22/7/2019,Visible Adds WiFi Calling Capability for Galaxy S9 S9
22/7/2019,Here are the US Galaxy Note 10 Network Bands galaxynote10 
20/7/2019,Galaxy Fold aced its latest tests and is ready for launch according to report 
19/7/2019,Report Galaxy Fold Ready for Launch Following Latest Durability Tests
16/7/2019,Expect One UI 20 With Android Q Version 21 With Galaxy S11
15/7/2019,Galaxy S10 S10 now start at 300 off for Prime Day
14/7/2019,DEAL Unlocked Galaxy S10 Line is 200500 Off Right Now galaxys10 
7/11/2019,Galaxy Note 10 Stops at the FCC Dancing the No Headphone Jack Dance galaxynote10 
7/11/2019,Heres the Galaxy Note 10 
7/10/2019,This is the Galaxy Note 10
7/2/2019,Verizon Galaxy S10 S10 and S10e Grab New Updates With Performance Improvements galaxys10 
7/2/2019,We know when the Galaxy Note 10 will be announced
7/2/2019,Invites Rolling Out Galaxy Note 10 Arrives August 7
28/6/2019,Friday Phone Deals Pixel 2 XL for 10mo BOGO Galaxy S10
28/6/2019,Shaky Camera Returns Heres the Galaxy Note 10
27/6/2019,Giveaway Win 1 of 5 mophie Juice Pack Cases for Your Galaxy S10
27/6/2019,mophies 99 Juice Packs are a go for the Galaxy S10 lineup 
26/6/2019,DEAL Get MNML Cases for Pixel 3 Galaxy S10 for 1499 With Code 12 Off
26/6/2019,mophies 99 Juice Packs for Galaxy S10 Lineup Offer Up to 2500mAh in Extra Battery Life
25/6/2019,TMobile to Sell the Galaxy S10 5G in Select Cities on June 28
21/6/2019,Friday Phone Deals Galaxy S10 at 300 Off Pixel 3 XL Up to 220 Off galaxys10 
21/6/2019,Galaxy S7 and Galaxy S7 Edge Drop From Quarterly to Regular Security Updates
21/6/2019,Galaxy Note 10 rumored to feature camera with threestage variable aperture 
20/6/2019,Galaxy Note 10 Could Feature ThreeStage Variable Aperture Camera
17/6/2019,Verizon Galaxy S9 S9 Updated to June Security Patch
14/6/2019,DEAL All Unlocked Galaxy S10 Models are 300 Off at Best Buy galaxys10 
6/12/2019,ATampT Business Customers Can Get the Galaxy S10 5G Starting June 17
6/7/2019,Verizons Galaxy S9 S9 get RCS 
6/7/2019,Galaxy Note 10 renders confirm no headphone jack but weve got buttons galaxynote10 
6/6/2019,Verizons Galaxy S9 S9 Get RCS Support and Proves That RCS is Dumb
6/6/2019,Galaxy Note 10 CAD Renders Detail Headphone JackLess Centered Display Cutout Beast Phone
6/5/2019,Galaxy Home apparently scheduled for launch in Q3 
6/3/2019,DEAL Unlocked 256GB Galaxy S10e is 650 Right Now Others 200 Off Too galaxys10 
30/5/2019,Not Back Galaxy Note 10 Reportedly Ditches Headphone Jack All Buttons galaxynote10 
28/5/2019,Its looking unlikely that the Galaxy Fold will launch in June 
28/5/2019,TMobile Galaxy S8 S8 and Note 8 Updated With May Security Patch
28/5/2019,Report Galaxy Fold Release in June is Unlikely
22/5/2019,Galaxy S10 in Cardinal Red Yes please 
21/5/2019,Mmm Heres the Galaxy S10 in Cardinal Red
21/5/2019,Verizon Galaxy S10 Family Gets May Security Patch Camera Enhancements
16/5/2019,Verizon Galaxy S10 5G now available for purchase instore but there still isnt much of a 5G network to connect to 
16/5/2019,Verizons Galaxy S10 5G is Now Available Without Much of a 5G Network galaxys105g 
15/5/2019,Ill be leaving the Galaxy S10 for the OnePlus 7 Pro 
14/5/2019,Bye Bye Galaxy S10 Hello OnePlus 7 Pro
5/8/2019,DEAL US Unlocked Galaxy S10 S10 and S10e All at Least 100 Off at Amazon galaxys10 
5/7/2019,Verizon Galaxy S10 S10 S10e Updated With April Security Patch
30/4/2019,DEAL Buy Unlocked Galaxy S9 or S9 Get a Free 512GB SD Card and Wireless Charger galaxys9 
27/4/2019,We discussed the Galaxy Fold drama on the DL Show this week 
26/4/2019,Verizon CEO says Galaxy Note 10 will have 5G 
25/4/2019,Galaxy S10 5G is up for preorder for those who are fortunate enough to live near 5G 
25/4/2019,Verizon CEO Galaxy Note 10 Will Have 5G
25/4/2019,Verizons Galaxy S10 5G starts at 1300
25/4/2019,Get Ready for Verizon Galaxy S10 5G PreOrders and Bonuses galaxys105g 
24/4/2019,Galaxy Fold teardown reveals its quite a fragile device 
24/4/2019,We now have specs and pricing for the Galaxy View 2 on ATampT Available this Friday for 37month on ATampT Next 
24/4/2019,Galaxy Fold Gets a Teardown an Accident Waiting to Happen
23/4/2019,ATampT Unveils Galaxy View 2 on YouTube a 173 FHD Display Behemoth
19/4/2019,Bright Night will now be a standalone camera mode on the Galaxy S10 
18/4/2019,If youre buying a Galaxy Fold heres what NOT to do 
18/4/2019,Uh oh Galaxy Fold review units are breaking 
17/4/2019,If You Buy a Galaxy Fold Dont Remove Its Protective Layer galaxyfold 
17/4/2019,Galaxy Fold Review Units are Breaking GalaxyFold 
16/4/2019,Is the Galaxy Fold bad
15/4/2019,Early adopters you can preorder the Galaxy Fold
15/4/2019,Verizon Galaxy Note 9 Receiving April Security Patch
15/4/2019,Galaxy Fold preorders are live galaxyfold 
4/12/2019,Galaxy Fold Reservations are Now Open galaxyfold 
4/10/2019,Galaxy A80 comes with popup flippy camera action 
4/10/2019,Dont know which Galaxy S10 to buy We can help 
4/9/2019,Which Galaxy S10 Should You Buy galaxys10 
4/9/2019,Ready to have your choice in Galaxy Note 10 models
4/9/2019,US unlocked Galaxy S8 S8 and Note 8 grabbed their Pie One UI updates today
4/8/2019,A Smaller Galaxy Note 10 Yes Please galaxynote10 
4/8/2019,US Unlocked Galaxy S8 S8 and Note 8 Now Receiving Pie and One UI Update
4/8/2019,Verizon Galaxy S10 S10 and S10e All Receive New Update
4/6/2019,DEAL Unlocked Galaxy S9 on sale for 499 S9 for 599 100 off 
4/5/2019,TMobile Galaxy Note 8 gets its Pie One UI update 
4/5/2019,DEAL Get an Unlocked Galaxy S9 for 499 Galaxy S9 for 599 100 Off
4/5/2019,TMobile Galaxy Note 8 Pie One UI Update is Here
4/5/2019,Report says Verizons Galaxy S10 5G will go on sale starting April 18 
4/5/2019,VIDEO 5 reasons you should buy the Galaxy S10S10
4/4/2019,Report Verizon Galaxy S10 5G Goes on Sale April 18
4/4/2019,Video 5 Reasons to Buy the Galaxy S10S10
4/4/2019,Verizon Galaxy S8 Note 8 get that Pie and One UI 
4/3/2019,Verizons Galaxy S8 and Note 8 Join the Pie One UI Update Party
4/2/2019,Verizon Galaxy S7 S7 Edge S9 and S9 Receive March Security Patch
4/2/2019,VIDEO 26 minutes worth of cases for the Galaxy S10 
4/2/2019,Galaxy S10 5G availability begins April 5 in South Korea 
4/1/2019,Video Need a Case for Your Galaxy S10 There Are Lots of Options to Choose From
4/1/2019,We Know When You Can Start Buying the Galaxy S10 5G galaxys105g 
4/1/2019,Galaxy S7 is Old so Itll Now Only Get Quarterly Security Updates galaxys7 
29/3/2019,TMobile ATampT Galaxy Note 8 and S8 phones are getting that fresh slice of Pie 
29/3/2019,Fresh Pie Updates for TMobile ATampT Galaxy Note 8 and S8 Phones are Here
28/3/2019,That Energy Ring app now supports the Galaxy S10 too Sweet
28/3/2019,Report says the Galaxy Note 10 may have no physical buttons 
27/3/2019,Report Galaxy Note 10 Coming in August May Have No Physical Buttons
27/3/2019,Here is the Galaxy FoldFolding galaxyfold 
27/3/2019,Energy Ring app turns your Galaxy S10 S10e display cutout into a battery level indicator 
26/3/2019,Sprint Galaxy S8 S8 and Note 8 Updated to Pie
26/3/2019,Energy Ring for Galaxy S10 S10e Brings a Battery Indicator to Your Displays Cutout
19/3/2019,ATampT Galaxy Fold in the wild sports a sweet display crease
16/3/2019,In this weeks podcast we cover our Galaxy S10 reviews and the launch of Android Q
15/3/2019,This collection of wallpapers embrace the Galaxy S10s display cutout 
15/3/2019,Our Galaxy S10e review is up We like it 
15/3/2019,You Need These Wallpapers That Embrace Your GalaxyS10 Display Cutout
15/3/2019,Our Galaxy S10 review is here galaxys10 
15/3/2019,280 off the Galaxy Note 9 right now at Amazon
14/3/2019,DEAL US Unlocked Galaxy Note 9 Down to 719 at Amazon 280 off
13/3/2019,Weve got 20 tips amp tricks for the whole Galaxy S10 family
3/12/2019,20 Galaxy S10 S10 amp S10e Tips and Tricks galaxys10 
3/12/2019,Verizon Galaxy Note 9 Android Pie Update is Ready
3/12/2019,Here are a few Galaxy S10e tricks you may not have known about 
3/11/2019,We have the first 10 things to do with the Galaxy S10 and S10 
3/11/2019,Galaxy S10e Some of Its Cool Sht You May Not Know About galaxys10e 
3/11/2019,Galaxy S10 First 10 Things to Do
3/8/2019,Ankers 10W Fast Wireless Charger at 1299 is Here for Your New GalaxyS10
3/8/2019,Galaxy S10 Owners Treated to 6 Months of Spotify Premium 4 Months of YouTube Premium
3/8/2019,Galaxy S10 preorders are arriving at the door What are your first impressions
3/8/2019,We unbox the Galaxy S10 in Ceramic White
3/7/2019,Your Galaxy S10 PreOrders are Here First Reactions GalaxyS10 
3/7/2019,VIDEO Galaxy S10 Unboxing
3/7/2019,Probably Running Out of Time to Get 550 Off for Trades on Galaxy S10 galaxys10 
3/6/2019,iFixit Tears Down the Galaxy S10 Lineup Finds Self Repairability to be a Nightmare
3/6/2019,Weve got the first 10 things you should do with the Galaxy S10e 
3/6/2019,February patch rolling out to Verizon Galaxy S8 S8 and Note 8 
3/5/2019, Full review for Galaxy S10 will be 855 for sure but not sure about the 10e It will likely be a mi 
3/5/2019,Galaxy S10e First 10 Things to Do
3/5/2019,Verizon Galaxy S8 S8 and Note 8 Receive February Security Patch
3/5/2019,Galaxy S10 receives A grade from DisplayMate 
3/5/2019,Galaxy S10 preorders are shipping out and will hit doorsteps a couple days early
3/4/2019,We unboxed and went handson with the Galaxy S10e last week Its very bright 
3/4/2019,DisplayMate Praises Galaxy S10 Most Color Accurate Display We Have Ever Tested
3/4/2019,Galaxy S10 preorders are shipping early galaxys10 
3/2/2019,We unbox the Galaxy S10e In Canary Yellow Hot 
3/2/2019,TMobile Galaxy Note 9 gets Pie update 
3/1/2019,VIDEO Galaxy S10e Unboxing
3/1/2019,Netflix Certifies Galaxy S10 Lineup for HDR Support
3/1/2019,TMobile Galaxy Note 9 Receiving Pie Update
28/2/2019,Poll Screen Protector or Nah galaxys10 
28/2/2019,Galaxy S10 S10 preorders now come with a 130 gift certificate galaxys10 
27/2/2019,DEAL Galaxy S10 S10 PreOrders Now Include 130 Gift Certificate galaxys10 
27/2/2019,Verizon Galaxy S9 S9 and Moto Z2 Play Updated With February Security Patch
27/2/2019,4 rear cameras on the Galaxy Note 10 Sounds good 
26/2/2019,Galaxy Note 10 Rumored to Sport 4 Rear Cameras Just Like the Galaxy S10 5G
26/2/2019,If Youre Planning to Buy a Galaxy Fold Note That Supplies Will be Limited
23/2/2019,DEAL PreOrder New Galaxy Watch Active Get a Free 60 Wireless Charging Pad galaxywatchactive 
22/2/2019,DxOMarks Galaxy S10 camera ranking makes it sound like an incredible shooter 
22/2/2019,We Investigate Is the Galaxy Fold bad
22/2/2019,Galaxy S10 wallpapers are now downloadable for all to enjoy 
22/2/2019,Galaxy S10 Bixby button is completely remappable right out of the box 
22/2/2019,Buying a Galaxy S10e for 200 seems like a good bargain 
21/2/2019,Galaxy S10 DxOMark Camera Ranking is Really Really Good
21/2/2019,Is the Galaxy Fold Bad galaxyfold 
21/2/2019,Galaxy S10 Wallpapers are Available for Download
21/2/2019,Galaxy S10 Bixby Button is Remappable Out of the Box
21/2/2019,I Went Galaxy S10e Traded in a Galaxy S9 and Will Pay Just 200 galaxys10e 
21/2/2019,Galaxy S10 preorders are opening any minute  here are the prices deals etc galaxys10 
21/2/2019,Poll You buying a Galaxy Fold
21/2/2019,Galaxy S10 early preorder emails going out to those who reserved
21/2/2019,Poll You buying a Galaxy S10 Which one
21/2/2019,We played with the Galaxy S10 family
21/2/2019,The Galaxy Watch and Galaxy Buds
21/2/2019,Galaxy S10 family specs
21/2/2019,The Galaxy S10 galaxys10 
21/2/2019,The Galaxy Fold galaxyfold
21/2/2019,Galaxy S10 Availability Pricing Deals All Carriers Up to 1600 galaxys10 
21/2/2019,Poll Are You Buying a Galaxy Fold
20/2/2019,OMG We Played With the Galaxy S10 Galaxy S10and S10e galaxys10 
20/2/2019,Poll Which GalaxyS10 are You Buying
20/2/2019,GALAXY FOLD
20/2/2019,Galaxy S10 promo videos are here and the phone hasnt been announced yet galaxys10 
19/2/2019,We know of at least 1 screen protector thatll work properly with the Galaxy S10
19/2/2019,Galaxy S10 leaks on Galaxy S10 leaks
18/2/2019,Whitestone Screen Protector 2Pack for Galaxy S10 Costs 60 Doesnt Have Giant Hole
18/2/2019,This Galaxy S10 S10 Video Wasnt Supposed to Arrive This Early galaxys10 
18/2/2019,US Unlocked Galaxy S9 S9 Now Receiving Android Pie One UI Update
15/2/2019,Unlocked Galaxy S9 Comes in Last Again With Big Updates
14/2/2019,Our First Look at the Galaxy S10 in Luxurious Ceramic White
14/2/2019,TMobile Galaxy S9 S9 units getting that Pie update once again 
13/2/2019,Haha This Galaxy S10 Screen Protector has a Giant Hole
13/2/2019,TMobile Galaxy S9 Pie update is back and rolling out
13/2/2019,Specs galore for the Galaxy S10 S10 and S10e 
2/12/2019,Galaxy S10 S10 S10e Finalized Specs Reportedly Detailed in Full
2/11/2019,TMobile Galaxy S9 S9 Get Android 9 Pie Update and RCS Universal Profile 10
2/7/2019,Galaxy S10 indisplay fingerprint reader probably confirmed
2/7/2019,Galaxy S10 may have reverse wireless charging and thats not really as cool as you think
2/7/2019,A First Look at the Galaxy S10 InDisplay Fingerprint Reader is Here
2/6/2019,Reverse Wireless Charging in the Galaxy S10OK galaxys10 
2/6/2019,Your Next Galaxy Note S Pen May Double as a Camera
2/2/2019,Heres the Galaxy S10e the lower cost S10 model 
2/1/2019,Verizon Moto G6 G6 Play LG V40 Galaxy Note 8 and RED Hydrogen One Get Security Patches
2/1/2019,Heres the Galaxy S10e the Lower Cost Model
2/1/2019,Highres Galaxy S10 and S10 images are here
2/1/2019,Sprint and ATampT Galaxy S9 phones all got Pie and One UI updates today
31/1/2019,So many GalaxyS10 pics today
31/1/2019,Weve Got a First Galaxy Note 9 Pie Update in the US galaxynote9 
31/1/2019,Heres a HighRes Image of the Galaxy S10 galaxys10 
31/1/2019,Sprint Galaxy S9 Gets Android Pie One UI Update Too galaxys9 
31/1/2019,Verizon Galaxy S9 and S9 get updated with Pie and One UI 
30/1/2019,Verizon Galaxy S9 S9 Now Getting Android Pie and One UI Update galaxys9 
30/1/2019,Galaxy Buds Reported to Launch Alongside Galaxy S10
30/1/2019,You buying the 1TB Galaxy S10
30/1/2019,Galaxy S9 on Xfinity Mobile getting Android Pie One UI update 
25/1/2019,Android Pie Beta Now Open to US Galaxy S8 S8 and Note 8
25/1/2019,This is our best look at the Galaxy S10 and S10 yet 
24/1/2019,A Spicy New Look at the Galaxy S10 and Galaxy S10 galaxys10 
24/1/2019,Blockchain KeyStore spotted in Galaxy S10 software 
24/1/2019,Is a 1500 Galaxy S10 with 5G connectivity DOA
23/1/2019,Haha What Galaxy S10 Leak Reveals a Blockchain KeyStore galaxys10 
23/1/2019,Galaxy S10 With 5G Reported to Cost Over 1500
23/1/2019,Unlocked Galaxy Note 9 is even cheaper now than it was earlier today 270 off
22/1/2019,DEAL US Unlocked Galaxy Note 9 is 754 at Amazon Today 245 Off galaxynote9 
22/1/2019,Heres the Galaxy S10 E Galaxy S10 and Galaxy S10 
21/1/2019,Verizon LG V30 Galaxy S8 and S8 Updated With January Security Patch
21/1/2019,Wow Look at These Galaxy S10 Cases
17/1/2019,DEAL Unlocked Galaxy S9 at 525 is a Good Price galayxs9 
16/1/2019,Galaxy S8 S8 Note 8 One UI Beta Now Open in Select Markets
15/1/2019,Everything we know about the Galaxy S10 and all of its variants in one handy dandy post 
15/1/2019,Reported specs for the Galaxy S10 X are nuts 
1/11/2019,Verizon Galaxy S8 S8 Get December Security Patch
1/11/2019,Galaxy S10 unveiling confirmed for February 20 
1/5/2019,TMobile Galaxy Note 9 Note 8 get RCS Universal Profile 10 support
1/4/2019,TMobile Galaxy Note 9 Note 8 Get RCS Universal Profile 10 Support
1/4/2019,Oh This the Galaxy S10 galaxys10 
1/3/2019,Actual Photo of Galaxy S10 Emerges Hole Punch Notch and All
21/12/2018,Lots of Galaxy Phones on TMobile are Getting Security Patch Updates
14/12/2018,Verizon Galaxy S9 S9 and Note 8 Updated With December Security Patch
12/11/2018,Galaxy Note 9 Getting One UI Beta 2 Update With Lots of Bug Squashing
12/11/2018,Galaxy A8s with InfinityO display is confirmed for China 
12/4/2018,One UI registration opens again for Galaxy Note 9 owners You best hurry
29/11/2018,Galaxy Note 9 owners you get in the One UI beta
28/11/2018,One UI Beta Opened to Limited Number of Galaxy Note 9 Owners
27/11/2018,Amazon is selling Galaxy devices at 200 discount bundled with Amazon Echo devices 
26/11/2018,DEAL Amazon Selling Galaxy S9 S9 Note 9 200 Off With Free Echo 2nd Gen Echo Spot
21/11/2018,Camera Shootout Pixel 3 XL vs OnePlus 6T vs RED Hydrogen One vs Galaxy Note 9 vs Mate 20 Pro
21/11/2018,Ready for a Galaxy S phone with 5G connectivity and 6 cameras Its apparently coming 
20/11/2018,Report Variant of Galaxy S10 to Offer 5G Four Rear Cameras
13/11/2018,Galaxy S10 May Skip the Notch for an InfinityO Display galaxys10 
13/11/2018,Black Friday deals for Google products Galaxy Phones are lookin good
11/12/2018,Verizon Updates Galaxy S9 RED Hydrogen Moto Z and More
11/12/2018,You Buying a Foldable Galaxy F Phone for 1700
11/12/2018,Black Friday 2018 Deals Lookin Great for Pixel 3 Galaxy Phones deals 
2/4/2019,Instant Tethering Comes to More Chromebooks and Android Devices
29/10/2019,Samsungs second foldable is a flip phone with a nextgen design 
29/10/2019,Samsung brings big bright QLED displays to laptops for the first time 
28/10/2019,Samsungs space selfie satellite plummets from sky onto Michigan horse farm 
26/10/2019,One month with the Samsung Galaxy Fold Folding is believing
26/10/2019,A month with the improved Samsung Galaxy Fold and I actually still like it 
18/10/2019,A bug lets any fingerprint unlock the Galaxy S10 and Note 10 and Samsung blames phone covers 
17/10/2019,Samsung Galaxy Tab S6 review The last of a dying breed  
10/4/2019,This Samsung Galaxy Fold stunt filled me with hope and joy  
27/9/2019,Samsung had to fix one thing with the Galaxy Watch Active2 
23/9/2019,The Samsung Galaxy Fold finally goes on sale this week again 
15/9/2019,All the phone companies not named Apple and Samsung that you should care about 
13/9/2019,Samsung just released a smaller version of its famouslyhuge phone the Galaxy Note 10 Here are the differences be 
9/5/2019,Can you spot the upgrades on the new Samsung Galaxy Fold  
9/5/2019,Samsung Galaxy Fold to launch in Korea on Sept 6 no official US release date listed yet  
9/3/2019,Samsung is supposedly working on a much cooler folding phone  
29/8/2019,Samsungs first Bixby speaker still isnt out but now theres a mini version 
22/8/2019,Samsung probably got a lot of wedgies in high school 
26/10/2019,One month with the improved Galaxy Fold and I actually still like it  
10/12/2019,Hubble sees our galaxy sucking up a mysterious amount of gas  
9/12/2019,Galaxy Note 10 Review A smaller Note makes for better handling 
26/8/2019,Galaxy Note 10 alternate internets and Bernies climate plan best Gizmodo stories of the week 
25/8/2019,The Galaxy Note 10 is damn near perfect 
24/8/2019,Should you buy the Galaxy Note 10  
15/10/2019,Googles budget Chromebook might walk the fine line between high design and great value  
15/10/2019,Could the Pixelbook Go be the best Chromebook of the year  
15/10/2019,The Pixelbook Go is a smaller cheaper Googlemade Chromebook  
15/10/2019,New Pixel phones buds Chromebook Nest products and Stadia pics flashed up on screen No watch madebygoogle 
16/10/2019, RedmiNote8Pro  uses a 64 MP Samsung ISOCELL Bright GW1 sensor Catch all the live updates 
10/9/2019,Samsungs GalaxyFold nightmare continues A user has reported that the company logo on the hinge of the folding 
10/8/2019,If youre interested in purchasing the  Galaxy Fold you can buy it from the official Samsung online s 
10/4/2019,Priced at Rs 164999 Samsung GalaxyFold is now open for prebooking Here is all you need to know 
24/9/2019,samsunggalaxys10 series gets Night sight mode for selfies live focus video and more Report 
18/9/2019, Samsung GalaxyM10s comes in a single variant with 3 GB RAM and 32 GB storage which is priced at Rs 
18/9/2019, Samsung GalaxyM30s has been announced in two variants  6 GB RAM  128 GB storage priced at Rs 1699 
9/10/2019,With its 6000 mAh battery the Samsung GalaxyM30s might just be the phone to end all your battery life woes Ther 
9/5/2019,Samsung launches GalaxyA905G in Korea at a price of 899900 WON which roughly translates to Rs 53000 
9/5/2019,Samsung confirms that GalaxyFold will be available for purchase in Korea starting tomorrow  
9/3/2019,Samsungs just launched GalaxyA90 brings 5G support and a topend Snapdragon 855 chipset along with a triple rear 
9/3/2019,Samsung GalaxyM30s with whopper of a 6000 mAh battery to arrive on 18 September  
29/8/2019,Samsung Galaxy S11 series leaks hint at another foldable phone and at least three 5G smartphones 
27/8/2019,The  GalaxyA10S can be purchased across all retail stores eShop Samsung Opera House and all major leadi 
19/8/2019, is worried that Samsung will benefit from the USChina trade war Report 
13/8/2019, s camera tests claim that Samsungs GalaxyNote10Plus shoots better photos than the HuaweiP30Pro
8/12/2019,Samsung just announced a 108 MP image sensor for smartphones
8/8/2019,Samsungs new SPen is more magic wand than stylus  
8/8/2019,Samsung just announced that the GalaxyNote10 series will be priced starting Rs 69999 in India Heres a specs com 
8/7/2019,     That was all from the Samsung Unpacked 2019 event We will send 
8/7/2019,     The Samsung Galaxy Note 10 starts at a price of 949 whereas the 
8/7/2019,     The Samsung Galaxy Book S priced at 999 and it will be availabl 
8/7/2019,     Samsung claims the Galaxy Book S has a battery life of 23 hours
8/7/2019,    Samsung just announced a new laptop called the Galaxy Book S powered by th 
8/7/2019,    Samsung DeX can now work with Windows laptops and MacBooks with just a USBC cable
8/7/2019,   With the tap of a button Samsung users will be able to mirror their screens on 
8/7/2019,  Samsung is partnering with  for integrated experiences between mobile and laptop dev 
8/7/2019, Samsung partnered with  so that gamers can communicate with their friends while playing multipl 
8/7/2019, Samsung is opening the S Pen SDK for developers to implement more functionality Note 10 users will also b 
8/7/2019,Samsung GalaxyUnpacked event will be held on 8 August at 100 am IST here is how you can watch it live 
8/1/2019,The 5G variant of the upcoming Samsung GalaxyNote10Plus gets an unofficial release date 
8/1/2019,From Samsung GalaxyM40 to RedmiY3 here are all the smartphones will be available on discount during the upcoming 
8/1/2019,Samsung GalaxyA80 is now on sale It comes with a flip camera 3700 mAh battery more Before you make the purcha 
30/7/2019,Samsung Galaxy Tab S6 might feature an AMOLED display and latest Qualcomm Snapdragon 855 chipset Read more details 
25/7/2019,Samsung GalaxyA80 with a rotating camera is now open for prebooking on  and the company website 
29/10/2019,In what is possibly the most unnecessary leak of the year its been suggested that GalaxyS11 will be powered by t 
24/10/2019, has updated software to fix problems with fingerprint recognition features on GalaxyS10 and 
18/10/2019, has posted a statement suggesting Galaxy S10 and Note10 users remove the screen protectors and reregiste 
17/10/2019, is working on a fix that allowed any fingerprint to unlock the Galaxy S10 It uses an indisplay ult 
16/10/2019, has captured a stunning image of a spiral galaxy NGC 3717 that resides in the Hydra constellation 
15/10/2019, GalaxyS10 series has reportedly already started receiving OneUI2 in the US
14/10/2019,iPhoneXR OnePlus7Pro GalaxyNote9 all selling at Rs 42999 at GreatIndianFestival on  
14/10/2019,AmazonGreatIndianFestival 2019 is live now From iPhonexr to Galaxynote9  here are the best deals that you will 
10/11/2019, unveiled GalaxyWatchActive2  GalaxyWatch4G  GalaxyTabS6 in India To starting selling today on 
10/11/2019,From OnePlus7TPro iPhone11Pro  galaxynote10Plus and huaweip30pro  lets see which one is the Flagship King
10/9/2019,The IMEI manipulation security vulnerability affects the  Galaxy S8 S9 S10 S10e S10 Plus S10 5G 
10/5/2019,The  GalaxyA20s has been announced in India for a starting price of Rs 11999
10/1/2019,GalaxyFold is finally arriving in India today Here is all you need to know  
30/9/2019,You can buy GalaxyFold starting tomorrow Here is all you need to know  
30/9/2019,From VivoV15Pro to GalaxyA50s here are the best smartphones under 25k to buy in October
30/9/2019,Astronomers have discovered a 13billionyearold galaxy cluster that is the earliest ever observed
30/9/2019,  GalaxyNote10Plus impresses with design but doesnt give enough of a reason to upgrade Read all 
30/9/2019,From Realme2pro to galaxym20  here are the best budgetfriendly smartphones under 10k that you can purchase this 
30/9/2019,TheBigBillionDays sale is now live From galaxys9 to Asus6Z to Pixel3a  here are the best deals on smartphones 
27/9/2019,The  GalaxyWatchActive2 is priced at 279 and it is already on sale in the US 
26/9/2019,You think GalaxyNote10 is heavy on your pocket Rumour has it that  might be working on an affordabl 
25/9/2019,The  GalaxyA10s features a 62inch HD InfinityV display with a resolution of 720 x 1520 pixels Yo 
24/9/2019,After a long delay the redesigned GalaxyFold priced at 1980 will finally make its way to the US on 27 Septembe 
24/9/2019, unveils GalaxyA20s with triple rear camera setup and a 65inch display
19/9/2019, is going to start rolling out the Android10 beta program for the GalaxyNote10 and GalaxyS10 devi 
18/9/2019,The newly launched  GalaxyM30s has to compete in an increasingly crowded budget to midrange smartpho 
18/9/2019, The highlight of the GalaxyA30s is its 6000 mAh battery and a 48 MP triple camera setup 
18/9/2019, has launched two new Mseries smartphones in India today  galaxym30s and GalaxyM10s 
18/9/2019, galaxym30s with a 6000 mAh battery and a triple camera setup will launch today Before it goes of 
9/11/2019,The  GalaxyA50s and GalaxyA30s feature a triple rear camera setup and an indisplay fingerprint sensor 
9/9/2019,The  GalaxyM30s is about to be announced in India on 18 September 
9/9/2019,  had started acontest for what looked like the GalaxyA50s through its social media channels sugges 
9/4/2019,The GalaxyFold will reportedly hit the shelves in the South Korean market on 6 September however  
9/2/2019, upcoming GalaxyA90 may come with 5G support and a 48 MP triple camera setup 
30/8/2019,Leaks suggest that upcoming GalaxyA71 and GalaxyA91 might come with  10  
30/8/2019,Rumour has it that  might release its GalaxyFold in Korea on 6 September
27/8/2019, has quietly launched the GalaxyA10s in India and it will be available for purchase starting tomorro 
26/8/2019, is reportedly planning to launch a new smartphone under the Galaxy Mseries which will sport a trip 
22/8/2019,The  GalaxyA50s and GalaxyA30s are slight upgrades over the Galaxy A50 and Galaxy A30 launched earlier
21/8/2019,avengers fan  s got your back Marvelthemed cases are coming to GalaxyNote10  
14/8/2019,Its official  GalaxyNote10 will launch in India on 20 August 
14/8/2019,ICYMI the supermassive blackhole at the heart of our Milky Way galaxy Sagittarius A emitted a mysterious flas 
13/8/2019,A strange flash of light was seen by astronomers from the blackhole are at the heart of our Milky Way galaxy 
8/9/2019,The  Galaxy A70s will have specs similar to the Galaxy A70
8/8/2019,GalaxyNote10 and GalaxyNote10Plus prebookings have started in India and will go on till 22 August Here is how 
8/8/2019, benefitted the most from  troubles this past year With the brand new GalaxyNote10 its 
8/8/2019,The new S Pen enables a lot of unique features on  Galaxy Note 10 series
8/7/2019,The  Unpacked 2019 event showcased a new Galaxy Book S laptop powered by  Snapdragon 8cx process 
8/7/2019,  With reverse charging the Galaxy Watch Active 2 can be charged with the Note 10 Its priced a 
8/7/2019, The new S Pen will be compatible with more devices including the newly announced Galaxy Tab S6
8/7/2019, The Galaxy Note 10 and Note 10 Plus are official 
8/7/2019,The  Galaxy Unpacked 2019 has begun where the company could be launching the Galaxy Note 10 Stay tuned for updates
8/7/2019,A few more hours to go for the GalaxyUnpacked event to kick off But before that here is a wrap of all the design 
8/7/2019,Hours ahead of the official GalaxyUnpacked launch variants and pricing of the GalaxyNote10 smartphones have lea 
8/6/2019,With just a day to go for the launch of the  GalaxyNote10Plus  points out the improvemen 
8/5/2019,  brand new GalaxyWatchActive2 brings back bezel control without a rotating physical bezel 
8/4/2019, may unveil the Exynos 9825 chipset on 7 AugustGalaxyUnpacked 
30/7/2019,Recent leaks suggest that GalaxyNote10 might hit the retail stores on 23 August  
28/7/2019,It appears  in an effort to compete with GalaxyFold had rushed its signature product the MateX 
28/7/2019,This new colour variant for the  Galaxy Buds will be called Aura Glow and it will come in a silver case
26/7/2019,A new colour variant of the GalaxyNote10 series has leaked and its a gorgeous gradient of white blue purple and 
25/7/2019,The  GalaxyA10s is said to be powered by an Exynos chipset with a clock speed of 16GHz 
23/7/2019,Are we finally going to see the  GalaxyFold launch soon 
18/7/2019,  has officially taken the wraps off the Galaxy A80 smartphone in India and has priced the deviceRs 4799 
8/6/2019,Next are the Acer Helios 300 and 700 The Helios series packs  RTX graphics cards in the MaxQ desi 
22/7/2019, to unveil its S series in India on 7 August expected to launch VivoS1 
30/10/2019,Samsung ramps up its B2B partner and developer efforts  by  
29/10/2019,Samsung teases a clamshell foldable form factor  by  
29/10/2019,Samsungs new laptops charge phones with their touchpad  by  
17/10/2019,Samsung confirms glaring S10 fingerprint reader flaw promises fix  by  
14/10/2019,Samsung opens Android 10 One UI beta ahead of final launch  by  
13/10/2019,Samsungs Galaxy Fold concierge service is live in the US for those who need it  by  
10/12/2019,Samsungs Galaxy Watch Active 2 is a solid smartwatch for Android users  by  
10/11/2019,Life with the Samsung Galaxy Fold  by  
10/2/2019,Samsung pulls the plug on Chinese smartphone production  by  
28/9/2019,Samsungs new rebooted Galaxy arrives this week with one job it just needs to not break 
24/9/2019,Samsung Galaxy Fold take two  by  
23/9/2019,Five months later Samsungs Galaxy Fold arrives this week  by  
16/9/2019,Samsungs Galaxy Tab S6 combines creative flexibility with great design  by  
9/5/2019,After announcing Galaxy Fold release date Samsung cancels older preorders  by  
9/5/2019,Samsungs Galaxy Fold arrives in Korea September 6 US in coming weeks  by  
23/8/2019,Samsungs Note 10 is available today starting at 949  by  
16/8/2019,Samsung Galaxy Note 10 review  by  
27/9/2019,The Galaxy Fold is now available for purchase in the US 
27/9/2019,The Galaxy Fold is now available for purchase in the US  by  
26/9/2019,My Galaxy Fold display is damaged after a day  by  
30/10/2019,IoT security startup Particle has raised 40 million in its Series C round 
10/8/2019,German tech investor leads Series A for Germanys first medical Cannabis startup  by 
24/8/2019,Heres the first trailer for the upcoming Disney Star Wars series The Mandalorian  by  
25/10/2019,Pixelbook Go review a Chromebook in search of meaning  by  
15/10/2019,Up close with Googles budget Chromebook the Pixelbook Go  by  
15/10/2019,Google launches the 649 Pixelbook Go Chromebook  by  
30/10/2019,Samsung brings QLED to the midrange  our handson Samsung Galaxy Book Ion review  
30/10/2019,We saw it today  Samsung is teasing a Galaxy Home Mini before launching the actual Galaxy Home 
29/10/2019,Samsungs flagship laptops go QLED  our handson Samsung Galaxy Book Flex review  
29/10/2019,Samsungs clamshell foldable design is the future of the Galaxy Fold  
29/10/2019,Samsung introduces a fleet of Ultrabooks with the first QLED displays for laptops  
29/10/2019,Is this a case of Samsung borrowing a popular idea from Apple 
26/10/2019,Black Friday TV sale at Walmart early access deals from Vizio Samsung amp more 
25/10/2019,When it comes to the Samsung Galaxy S11 weve got a list of the things wed like to see Because its never too ea 
25/10/2019,Samsung Sony Moto and more phones set to issue Android 10 update by end of year  
22/10/2019,The LG G8X ThinQ with Dual Screen a twoscreen foldable alternative onethird the price of a Samsung Galaxy Fold 
22/10/2019,Samsungs Galaxy Fold finally arrives in Australia next week 
18/10/2019,Samsungs Galaxy Fold 2 could arrive as soon as April 2020 
17/10/2019,US readers this is the cheapest Samsung laptop weve seen this year and its a real stunner 
17/10/2019,Samsung Galaxy Note 11 could have an inscreen camera  
16/10/2019,Will the Samsung Galaxy S11 be a device designed for viewing movies 
14/10/2019,Samsung Galaxy S10 Lite or S11 Lite could be in the works  
10/10/2019,Samsung Galaxy Note 10 Lite could be real and coming in two shades  
10/10/2019,Samsung Portable SSD T5 is the games library you can fit in your pocket  ad 
10/9/2019,A Samsung NVMe SSD 970 EVO Plus is the right fit for todays storagehungry games  ad 
10/8/2019,Samsung Galaxy S11 could have some serious camera upgrades  
10/7/2019,Samsung Galaxy S11 could land on February 18  
10/7/2019,You can save 150 on this Samsung 4K TV and JBL soundbar bundle 
10/4/2019,The Wall is here you can now put Samsungs 292inch TV in your living room 
10/4/2019,Samsung Galaxy Home speaker will it ever be released 
10/4/2019,The Wall is here you can now put Samsungs 292inch TV in your living room  
30/9/2019,Samsung Galaxy Watch Active 2 review  
30/9/2019,Samsung Galaxy S11 camera could have a 108MP sensor as well as a powerful zoom  
29/9/2019,The best smartphone right now is the Samsung Galaxy S10 Plus  
29/9/2019,And the Samsung Galaxy Fold breaks again  
28/9/2019,Redesigned Samsung Galaxy Fold units have totally new ways of breaking  
28/9/2019,Samsung Galaxy Note 10 Lite could be in the works  
27/9/2019,The refined Samsung Galaxy Fold is officially available in the US  
27/9/2019,Our full Samsung Galaxy Watch Active 2 review  
24/9/2019,Your Samsung Galaxy S10 is about to get better with these Note 10 features  
22/9/2019,We know this will make some of you very cross but the best smartphone right now is STILL the Samsung Galaxy S10 Pl 
21/9/2019,How big is too big Samsung CRG9 review 
19/9/2019,How big is too big Samsung CRG9 review  
15/9/2019,Huawei Samsung Oppo LG and OnePlus have all made 5G phones so why is Apple behind   
14/9/2019,Samsung Galaxy S11 could have a key iPhone 11 camera feature  
13/9/2019,The best Android tablet on the market our review of the Samsung Galaxy Tab S6  
9/11/2019,Samsungs 5G 8K TV promises to make Netflix streaming faster than ever 
9/10/2019,RT  Shame Shame Shame Samsung  WefiesNokia  BothfiesHuawei  GroufiesApple  Slofies
9/6/2019,Samsung Galaxy Tab S6 now available in the US Galaxy Watch Active 2 up for preorder  
9/6/2019,Samsung Galaxy Fold preorders have been canceled just before release date  
9/5/2019,The Samsung Galaxy Fold is back  but whats changed for the rerelease Our handson with the refined version 
9/5/2019,HDR10 finally gets the 8K treatment  but only on Samsung TVs  
9/5/2019,Samsung Galaxy Fold gets a release date redo starting September 6  
9/4/2019,Samsung Galaxy Fold release date is September 6 according to new leak  
9/4/2019,Samsung Galaxy Watch Active 2 release date set for UK  and its ahead of the US  
9/2/2019,The next Samsung 5G phone could be the Galaxy A90  
9/1/2019,Is Samsung going to sneak in a Galaxy Fold relaunch before Apple can debut the iPhone 11  
30/8/2019,Samsungs Galaxy Fold could relaunch next week ending months of delays 
29/8/2019,This is exactly why your Samsung Galaxy Note 10 needs a case  
29/8/2019,iPhone 11 could have its own competitor to Samsungs Live Focus Video  
28/8/2019,Samsung Galaxy Home release date hopes finally raised by beta rollout 
28/8/2019,The end of OLED TVs How Samsungs QDOLED hybrid could shake up the market  
27/8/2019,Fast charging tipped to be one of the key features of the Samsung Galaxy A90  
25/8/2019,4 12 s Our Samsung Galaxy Note 10 Plus review  
25/8/2019,The S Pen was always more than the little plasticandrubber sticks that with olds PDAs but this time Samsung has 
25/8/2019,If the iPhone Pro exists itll be a XXL version of the Apple phone Would that challenge Samsungs success with 
23/8/2019,Microsoft admits the Windows 10 Your Phone app works best with Samsung Galaxy Note 10  
22/8/2019,Samsung Galaxy Note 10 Plus ongoing camera review and the first 72 hours  
20/8/2019,How to disable Bixby on your Samsung phone and Samsung TV  
19/8/2019,Our initial thoughts on the Samsung Galaxy Note 10  
19/8/2019,Leaks suggest graphene will supercharge future Samsung phone batteries  
18/8/2019,Lets take a look at those iPhone Pro rumors and how they may affect Samsung shall we  
17/8/2019,RT  My first 24 hours w Samsung Galaxy Note 10 on  Loving almost everything especially the three camera perspectiv
17/8/2019,Samsung phone leak points to whopping 108MP camera  but is it real  
17/8/2019,Samsung Galaxy Tab A 105 2018 review  
17/8/2019,Samsung Galaxy Note 10 Plus unboxing and first 24 hours  
13/8/2019,Samsung Galaxy A10 is about to receive a newer better sibling  
13/8/2019,New Samsung phone battery tech could be a huge boost to Galaxy S12  
13/8/2019,Samsung Galaxy Watch Active 2 vs Apple Watch 4 which smartwatch is for you  
8/12/2019,Move over 64MP Samsung unveils 108MP camera sensor destined for Xiaomi phone  
8/12/2019,Samsung Galaxy Book S vs Microsoft Surface Pro 6  
8/12/2019,Hands on Samsung Galaxy Book S review  
8/9/2019,Samsung Galaxy S11s chipset may have just been benchmarked  
8/8/2019,Samsung Galaxy Note 10 isnt for you if youre into mobile virtual reality  
8/8/2019,Samsungs biggest phone yet  in more ways than one 
8/8/2019,If you want an Apple Watch but dont have an iPhone then your best bet might be the Samsung Galaxy Watch Active 2 
8/8/2019,Heres every official detail on Samsungs new laptop the Samsung Galaxy Book S  
8/7/2019,Developing our first take on the Samsung Galaxy Book S  
8/7/2019, Or maybe Drake shows up to announce a Samsung streaming service
8/7/2019,RT  The Galaxy Watch Active 2 does a cameo alongside the GalaxyNote10 at the SamsungEvent 
8/7/2019,RT  This is how AR Doodle looks on the Samsung Galaxy Note 10 Plus Its sort of like Instagram or Snapchat filters but you make
8/7/2019,Samsungs built a smaller Galaxy Note 10 and we can tell you all about it 
8/7/2019,Shh Its starting samsungunpacked2019 
8/7/2019,SamsungUnpacked kicks off in just minutes Ready to see the Galaxy Note 10 for the first time So are we 
8/7/2019,Which new Samsung device are you most looking forward to 
8/7/2019,The SamsungEvent kicks off in one hour Brace yourselves for the muchanticipated Note 10Follow Samsungs lives 
8/7/2019,Heres what were hoping to see from this supposed Samsung Galaxy Book S at the SamsungEvent in a little while 
8/7/2019,A monstersized 68inch Galaxy Note 10 could be revealed during todays SamsungEvent Are your hands  big enough for it  
8/6/2019,Samsung Galaxy Note 10 official photo and specs leaked  
8/6/2019,Samsungs nextgeneration SSDs promise blazingfast speeds  
8/5/2019,Samsung Galaxy Note 10 range leaked three times over including by Samsung itself  
8/5/2019,Samsung Galaxy Tab S6 vs iPad Pro 2018 clash of the professional tablets  
8/5/2019,JUST ANNOUNCED Samsung Galaxy Watch Active 2 has a rotating bezel that doesnt rotate  
8/4/2019,Samsung Galaxy Note 10 price might not be any higher than Note 9  
8/4/2019,Samsung Galaxy Tab S6 is official and could be a true iPad Pro rival  
8/3/2019,Images of Samsungs upcoming Galaxy Book S laptop leak out  
8/3/2019,These could be the names of the 2020 Samsung Galaxy Aseries phones  
8/2/2019,Samsung Galaxy Note 10 Plus 5G version could go on sale on August 23  
8/2/2019,Samsung Galaxy Note 10 colors leak shows less exciting options than Note 9  
8/2/2019,New Samsung Galaxy Note 10 leak all but confirms lack of headphone jack 
8/1/2019,Planning on buying a new Samsung device With 256GB of memory for the price of 64 this Samsung Galaxy S9 Plus deal 
8/1/2019,Samsung Galaxy Tab S6 vs Samsung Galaxy Tab S4 is the new pro tablet worth the full price  
8/1/2019,Latest Samsung Galaxy Watch Active 2 leaks give us the best look at it yet  
31/7/2019,8K could soon be the new normal for Samsung TVs  
31/7/2019,Samsung Galaxy Tab S6 live stream how to watch the big tablet launch live  
31/7/2019,Samsungs giving us a couple of early gifts ahead of the Note 10 launch on Aug 7 Today well see a new Galaxy Tab 
30/7/2019,OnePlus 7 Pro 5G beats Samsung Oppo and LG in speed tests  
29/7/2019,Samsung Galaxy Note 10 Plus confirmed by Samsung itself  
25/7/2019,The Samsung Galaxy Fold is bound for September  at least in some places  
25/7/2019,Samsung Galaxy Watch Active update will make it easier to use  
25/7/2019,Samsung Galaxy Note 10 could have a smarter camera than Galaxy S10  
25/7/2019,Samsung Galaxy Fold release date the fixed version will launch in September  
25/7/2019,Samsung Q60R QLED TV review Samsungs flagship screens without the flagship performance  
24/7/2019,Samsung Galaxy Watch Active 2 leak hints its coming earlier than expected  
24/7/2019,Samsung Galaxy Note 10 Plus may have five rear cameras Note 10 just three  
23/7/2019,Samsung Galaxy Note 10 Pro sounds allpowerful in this new specs leak  
22/7/2019,New Samsung Note 10 rumor suggests Zoom Audio and stylus gesture control  
22/7/2019,Samsung Galaxy Space could be the companys next 2in1 laptop  
19/7/2019,Our review of the Samsung Galaxy A80  Samsungs new midrange smartphone with a novel popup camera panel 
18/7/2019,Samsung Galaxy Tab S6 leak offers more proof of rearmounted magnetic S Pen  
17/7/2019,Samsung Galaxy S11 camera looks increasingly likely to get allnew 64MP sensor  
17/7/2019,Samsung Galaxy Note 10 may miss out on this new gamingfocused chipset  
16/7/2019,These Vizio Yamaha and Samsung soundbar deals kick off Prime Day 2  
13/7/2019,Samsung could still be planning to launch a pair of augmented reality specs  
7/12/2019,Samsung Galaxy Watch Active 2 leaked in official render  
7/10/2019,Rumors suggest the Samsung Galaxy Watch 2 is coming later this year  heres what we know so far 
7/9/2019,Samsung may release Galaxy Watch 2 before the Watch Active 2 after all  
7/6/2019,Samsung may be about to launch an ultracheap tablet to rival Amazons Fire range  
7/6/2019,Samsung Galaxy S10 vs S10 Plus vs S10e which Samsung flagship will suit your needs  
7/6/2019,Leaked Samsung Galaxy Watch Active 2 images show barely any changes  
7/4/2019,Samsung Galaxy Watch Active 2 may have two major Apple Watch 4 features  
7/4/2019,Samsung is getting sued by the Australian consumer watchdog for its misleading Galaxy phones ads 
7/4/2019,Will Nvidia join the 7nm party next year 7nm Nvidia GPUs could come in 2020 through partnership with Samsung 
7/3/2019,Samsung Galaxy Fold has apparently been fixed  
7/2/2019,Samsung finally bringing Night photo mode to US Galaxy S10 phones  
7/2/2019,Samsung launches a Bixby marketplace for Alexastyle voice commands  
7/1/2019,Samsung CEO admits the Galaxy Fold was released before it was ready  
7/1/2019,The Galaxy Fold release date is still unconfirmed as Samsung CEO asks give us a little more time 
7/1/2019,This is what the Samsung Galaxy Watch Active 2 could look like  
10/10/2019,Galaxy Watch has reinvigorated the Tizen smartwatch range Congrats  for securing the Best Wearable at 
10/6/2019,The Galaxy Fold is the most forwardthinking phone you shouldnt buy  
10/6/2019,Anything can take down the Galaxy Fold  keys water sand credit cards or coins lodged in the middle of the folde 
20/9/2019,Get an extra 50 off the Galaxy Tab S6 with Currys tablet tradein deal ad  
9/1/2019,Our writers brandnew Galaxy Note 10 was too beautiful for this world  
31/8/2019,iPhone 11 could have competitor to Galaxy Note 10s Live Focus Video  
8/7/2019,Another year another Galaxy Note Heres how this years device changed in the last year  
8/7/2019,So to recap todays GalaxyNote10 event thatsGalaxy Note 10 for 949Galaxy Note 10 for 1099Note 10 5 
8/7/2019,Todays Galaxy Note event was a rollercoaster 
8/7/2019,RT  Live Focus Video on the Galaxy Note 10 allows for a bokeh mode on well live video Heres how it looks 
8/7/2019,New Galaxy Note 10 and Note 10 Plus checkinHuge phones  Huge screens   Huge power  Huge storage  
28/7/2019,New images of the upcoming Galaxy Watch Active 2 leak out  
16/7/2019,The Galaxy Watch Active 2 is on its way soon 
7/8/2019,Leaked Galaxy Note 10 and Note 10 Pro case photos highlight their differences  
24/9/2019,Google Pixel 4 XL handson reveals a better camera than the S10 Plus  
18/9/2019,Loki TV show everything we know so far about the Disney Plus series 
28/10/2019,These are the best Chromebooks of 2019 so far 
27/10/2019,The Google Pixebook Go is the best Chromebook for the rest of us 
26/10/2019,If you want the gold standard of a Chromebook its got to be the Pixelbook Go 
20/10/2019,These are our favorite Chromebooks and by favorite we mean the best  
20/10/2019,Chromebooks dont run Windows OS but theres plenty you can do with them Plus they cost less  
16/10/2019,These are the Chromebooks that the upcoming Pixelbook Go are up against  
16/10/2019,Should you buy a Chromebook We have some thoughts  
15/10/2019,Introducing the Google Pixel Go A smaller lighter take Chromebook with an estimated 12hour battery life and spec 
10/11/2019,Handson Pixelbook Go images reveal the upcoming Chromebook in full 
27/9/2019,Heres why you shouldnt buy a new Chromebook just yet 
27/9/2019,Weve been tracking the rumored Google Hatch Chromebook and so should you  
26/9/2019,HP drops stylish new Chromebook x360 models with stylus support  
24/9/2019,Pixelbook Go could be Googles next Chromebook with a 13inch 4K display  
23/9/2019,Weve dug up all the scuttlebutt we could find on Googles next rumored Chromebook  
9/10/2019,Is your Chromebook telling you to upgrade Dont worry Google says its a bug  
9/5/2019,Some of Acers best Chromebooks score new processors and slimmer bezels  
29/8/2019,A luxe Lenovo Chromebook leads new lineup of laptops desktops and monitors  
16/8/2019,If youre in need of a Chromebook weve probably got a hardtested recommendation for your specific needs 
16/7/2019,Theres been a ton of deals on Chromebooks for PrimeDayAmazon so weve updated our ongoing list of the Best Chrom 
15/7/2019,Chromebooks are already affordable so these PrimeDay deals are ridiculous   
7/3/2019,These are the best Chromebooks weve tested in recent memory  
30/10/2019,RT  Samsungs 65inch Q60 QLED 4K TV is 997 at Amazon which is the lowest price that weve seen so far If youre looking for
30/10/2019,Samsungs newest rugged tablet is available now in the US starting at 59999  
30/10/2019,Samsung Galaxy Fold rereview here we go again  
30/10/2019,Samsungs new Galaxy Book Flex and Ion laptops bring better designs to the lineup  
29/10/2019,Samsung unveils new foldable compact phone concept 
29/10/2019,Samsungs new Galaxy Books double as a wireless charger 
28/10/2019,Samsungs space selfie balloon crashlands on Michigan farm  
24/10/2019,Samsung announces more powerful Exynos processor without builtin 5G  
23/10/2019,Samsung has reportedly fixed the Galaxy S10 fingerprint recognition issue  
23/10/2019,Samsung patent application reveals augmented reality headset design  
18/10/2019,Samsung says fingerprint security fix is coming as early as next week  
17/10/2019,Samsung to patch the Galaxy S10s fingerprint sensor over screen protector concerns  
14/10/2019,Samsung launches Android 10 beta for Galaxy S10 devices  
10/12/2019,Samsung Galaxy Watch Active 2 review good is as good as it gets  
10/8/2019,iFixits new Galaxy Fold teardown shows exactly how Samsung tried to fix the Fold  
10/8/2019,Samsungs new Chromebook 4 offers a refined design USBC charging and now comes in two sizes 
10/5/2019,The Galaxy Fold fell short of Samsungs claims in folding torture test  
10/4/2019,Samsungs Galaxy Home Bixby speaker quietly missed another launch date  
10/3/2019,Samsung phones now work with wireless Android Auto  
28/9/2019,Samsung Galaxy Tab S6 review flashy hardware let down by sloppy software  
25/9/2019,RT  Samsung Galaxy Tab S6 review master entertainer amateur worker 
24/9/2019,Samsung will let Galaxy Fold owners replace their screens once for 149  
24/9/2019,Samsungs new camera sensor has the tiniest pixels ever  
24/9/2019,Samsung Galaxy S10 gets DeX support and Note 10 camera features  
21/9/2019,The Galaxy Fold is still extremely fragile and Samsung knows it  
10/8/2019, looks at whether the Galaxy Watch Active 2 will finally solve the problem of smartwatches for Android use 
10/5/2019,Google finds Android zero day that can take control of Pixel and Galaxy devices  
24/9/2019,The Galaxy Fold goes on sale again in the US on September 27th  
24/10/2019,Chromebooks will more easily sideload Android apps with Chrome OS 80 in February  
23/10/2019,Chromebook 101 whats different about the Chromebook keyboard  
22/10/2019,How to remap your Chromebooks keyboard  
19/10/2019,Pixelbook Go handson Googles cheapest Chromebook yet 
17/10/2019,How the Pixelbook Go compares to other Chromebooks  
16/10/2019,Chromebook 101 How to change your Chrome OS channels and get unreleased features  
16/10/2019,Pixelbook Go Google finally made a reasonably priced Chromebook 
10/12/2019,Chromebook 101 how to customize your Chromebooks desktop    
10/10/2019,Chromebook 101 how to use Android apps on your Chromebook  
10/9/2019,Chromebook 101 How to add another user to your Chromebook  
27/9/2019,HPs new Chromebooks support the universal stylus standard  
21/9/2019,The best Chromebook you can buy right now 
