,0,0
0,Great. Now do trade war induced farmer welfare.2019-03-30 23:58:50+00:000,2019-03-30
1,WTO plans ruling in blow to Trump's trade war against EU http://va.newsrepublic.net/s/TZwNrd...WTO IS TOO FAR OVER REACHING !!2019-03-30 23:56:11+00:000,2019-03-30
2,"In 2018, the avg Minn farm had an income of $26,055, an 8% decrease from 2017. Minn farmers in the lowest 20% averaged losing $72,000 each... The Trade war resulted in Minn Pork producer's income falling from avg $101,000 in '17 to $27,739 in 2018... http://www.minnnewsreport.com/?wpd_redirect=1&pid=10768 …2019-03-30 23:55:40+00:000",2019-03-30
3,Mine is! The #yealthCurve inverted this time because there are signs of implications from the #tradewar for Amerika that started it and that the last rate rise was to much and that the US can not handle a small rate rise towards a falling rate plateau2019-03-30 23:52:15+00:000,2019-03-30
4,What trade war2019-03-30 23:50:45+00:000,2019-03-30
5,Vietnam's economy gains as companies flee China in trade war https://asia.nikkei.com/Economy/Trade-war/Vietnam-s-economy-gains-as-companies-flee-China-in-trade-war …2019-03-30 23:46:49+00:000,2019-03-30
6,"My paycheck is barely changed. My tax bill will be higher this year thanks to Mr. Trump. Re: Jobs.... so far Trump hasn't messed up the Obama economy, hopefully he won't.. but his trade war is a huge drag on the economy. Wait, lower bills? I haven't seen that. pic.twitter.com/3bmpKr9UY52019-03-30 23:42:51+00:000",2019-03-30
7,"Iowans don't like socialism...unless they're getting billions from #TraitorTrump's disastrous ""trade war"" https://twitter.com/kylegriffin1/status/1098945510868545537 …2019-03-30 23:35:26+00:004",2019-03-30
8,"Unemployment is down; labor participation rate is up. Those ""lost jobs"" have simply moved to other industries. The trade war is forcing China to negotiate with none of the dire impacts the Left hyperventilates about. And ISIS is defeated whether you admit it or not.2019-03-30 23:32:19+00:000",2019-03-30
9,Thank you for your question. Here is the full article by Max Gulker: 'The Trade War: A One-Year Assessment.' https://www.aier.org/article/trade-war-one-year-assessment-executive-summary …2019-03-30 23:31:32+00:001,2019-03-30
10,A warning ignored ... like ALL the other warnings Brazil's #TradeWar Is a Warning to America https://nationalinterest.org/feature/brazils-trade-war-warning-america-48137 …2019-03-30 23:25:40+00:000,2019-03-30
11,So glad he has solved North Korea's nukes and the trade war with China as well ending climate change and the war on coal and the war on Christmas. Time to move on other matters. #toopresidential2019-03-30 23:22:57+00:000,2019-03-30
12,"Now, our farmers are flooded out and they can't even plant their crops. Trump just bailed them out because of his stupid trade war. He's gonna have to turn right around and do it again or our farmers will perish.2019-03-30 23:20:00+00:000",2019-03-30
13,"US manufacturers have lost trillions and thousands have lost jobs because of that trade war. People have lost jobs because of the tax cut, since many corps spent it on buybacks. Signs are pointing to a recession, and time will tell. “Defeating ISIS” is semantics, and you know it.2019-03-30 23:16:24+00:000",2019-03-30
14,"Who Is Winning Trump's Trade War with China? So Far, It's Mexico - Bloomberg https://www.bloomberg.com/news/articles/2019-03-27/who-is-winning-trump-s-trade-war-with-china-so-far-it-s-mexico …2019-03-30 23:08:31+00:000",2019-03-27
15,No one ever wins a trade war. https://twitter.com/naomibrockwell/status/1112096293306937346 …2019-03-30 23:03:39+00:000,2019-03-30
16,How the ongoing #tradewar may affect @COSCOSHIPPING's bid for #shipping supremacy http://bit.ly/2Q1vAzx pic.twitter.com/QhEoDbCifY2019-03-30 23:00:31+00:000,2019-03-30
17,"Just like healthcare was easy, the trade war was easy, keeping factories open was easy. The only easy thing is you opening your mouth to spew more lies.2019-03-30 22:57:42+00:000",2019-03-30
18,"minister is trying to start a trade war like Trump, but he forgets that he lacks the weaponry for such a war. He should stop telling tales that doesn't make sense and make sure the cashew nuts at the port are exported and also...the man don finally export the yams he was bragging2019-03-30 22:57:04+00:000",2019-03-30
19,You mean like that trade war with China...or the real one with NK...or the bodies that would pile up from the tax cut...Krugman's prediction of recession... we won't defeat ISIS.... and on and on. Keep living in your fantasy world. We'll keep winning https://www.stevegruber.com/2018/06/13/the-left-scores-zero-on-trump-predictions/ …2019-03-30 22:53:19+00:000,2019-03-30
20,Almost as easy as winning a trade war!2019-03-30 22:50:15+00:000,2019-03-30
21,US-China soy trade war could destroy 13 million hectares of rainforest https://www.scoop.it/topic/citizens-environmental-coalition-houston/p/4106574638/2019/03/28/us-china-soy-trade-war-could-destroy-13-million-hectares-of-rainforest?utm_medium=social&utm_source=twitter …2019-03-30 22:48:00+00:000,2019-03-30
22,U.S. and China Got Into a Trade War and #Mexico #Wonhttps://www.bloomberg.com/news/articles/2019-03-27/who-is-winning-trump-s-trade-war-with-china-so-far-it-s-mexico …2019-03-30 22:45:50+00:000,2019-03-27
23,"We all work to have our Safety Net, you can fix it, but you do not have the right to repeal it. Your so call Job Rate are 2% that not enough for 12+ Million American in USA. Jobs is walking out on USA Bc of Trump trade war with China. See your short Victory was already plan2fail.2019-03-30 22:36:40+00:001",2019-03-30
24,Hmmm.....tell that to the farmers that are losing markets to sell their produce in due to your trade war. pic.twitter.com/3v4hO3noPh2019-03-30 22:34:36+00:000,2019-03-30
25,"If we’re getting “stronger all over the world”, why aren’t we winning the Trump trade war, and why does the federal government have to continue to subsidize farmers with taxpayer dollars because of this trade war?2019-03-30 22:32:30+00:000",2019-03-30
26,We all lose in a trade war. #BlueUnity20202019-03-30 22:23:15+00:005,2019-03-30
27,"The US needs to talk #ForeignPolicy The US needs to talk #TradeWar No Mexico Ambassador-where else are they missing? But heh, close the POE’s to approx $2billion trade/day while complaining about people fleeing terrorism? Escaping Venezuela - Bloomberg https://apple.news/AhZZ1yeI2TqGeZXDuWx6bDg …2019-03-30 22:20:55+00:000",2019-03-30
28,From Trade War To Tech War To #ColdWar - Ocasio-Cortez makes socialism sexy again - Ilhan Omar makes Islamism palatable - #ForeignAffairs #China https://hvr.co/2V2mWQy via @hooverinst2019-03-30 22:17:06+00:000,2019-03-30
29,"There is a public server called @PlayDatblockCom. It has recently opened up a #datearth server where the minecraft map is based off of the real world map, and you can found a city and/or nation anywhere on the world and trade, war or just hang with other towns. I enjoy it!2019-03-30 22:13:50+00:000",2019-03-30
30,Trump's Trade War and Political Marketing https://youtu.be/gA6e5wM0i9c via @YouTube2019-03-30 22:05:08+00:000,2019-03-30
31,Chinese and U.S. negotiators are working line-by-line through the text of an agreement to end the trade war https://www.bloomberg.com/news/articles/2019-03-29/china-u-s-said-to-pore-over-details-of-text-to-end-trade-war … via @bpolitics2019-03-30 22:04:22+00:000,2019-03-29
32,Trade war hurt and tax cuts for rich did nothing2019-03-30 22:00:37+00:000,2019-03-30
33,Stock Of The Day: Autohome Stock Breaks Out Amid Trump Trade War Optimism - Investor's Business Daily https://goo.gl/fb/Yp3ZBW2019-03-30 22:00:23+00:000,2019-03-30
34,"The entire auto industry is being restructured. A jobs massacre is under way at Ford, VW, Opel, Audi, and supplier plants. Under global trade war, General Motors and Ford are in the process of winding down their European operations. #SaveHondaSwindonhttps://bit.ly/2FKUH3z2019-03-30 21:57:23+00:000",2019-03-30
35,So here's my question Bob. If Trudeau is so crooked and we know that he is. Why didn't he warn Huawei's Meng Wanzhou not to come to Canada? He must have known that this would spark a trade war with China.2019-03-30 21:55:38+00:000,2019-03-30
36,"Alas, this point may be lost on a person who doesn't read briefing materials, who thinks he understands economics but doesn't comprehend trade war results, & who has to tell people how smart he is.2019-03-30 21:52:01+00:0012",2019-03-30
37,Ask all those farmers and ranchers in the Midwest how that trade war is working for them. But never fear they will be back to cast votes for him next year.2019-03-30 21:45:38+00:000,2019-03-30
38,You mean the detention areas where you allow children to die from preventable disease and then falsely blame their fathers? You are sick. And you have no understanding of trade. Remember how you had to bail out the farmers after starting your trade war with China? This is worse2019-03-30 21:43:51+00:000,2019-03-30
39,Study: Trump’s Trade War Cost US Economy $7.8 Billion in 2018 https://goo.gl/4nLg5K2019-03-30 21:42:12+00:000,2019-03-30
40,"1,000,000 acres were flooded in Midwest America a region that never saw the face they voted to (MAGA) the flood may have washed away some crops for 2019 2018 crops were lost to mr trump's tariffs & trade war with China what crop do you think the farmers will not plant in 20202019-03-30 21:41:54+00:000",2019-03-30
41,"You don’t think we, as a country, buy other things from China too? At least, what we buy makes a productive difference for US. Isn’t Trump in a Trade War with them???2019-03-30 21:22:57+00:000",2019-03-30
42,"Sounds like little donnie boy, is angry that Mexico is making out while the US and China spar during the trade war...I hope little donnie boy understands closing the border will hurt the US's bottom... https://twitter.com/thehill/status/1112100942420144128 …2019-03-30 21:20:56+00:001",2019-03-30
43,"Yeah, kimchi trade war2019-03-30 21:19:46+00:000",2019-03-30
44,"Many people may not realise that a trade war between two nations can affect land use in a third country.” https://gu.com/p/b4m8e/stw . Trade war US/China - As it's hard to control Trump, we'd rather control what we eat. #Amazonrainforest2019-03-30 21:16:23+00:000",2019-03-30
45,From Trade War to Tech War to Cold War http://disq.us/t/3d1058m2019-03-30 21:13:27+00:000,2019-03-30
46,"Can we stop calling it the Huawei affair. It should be called ""Trump fucking everybody with dirty politics"" They clearly asked for her arrest as leverage in USA/China trade war. Trump was quick to speak about his new bargaining chip.2019-03-30 21:11:44+00:000",2019-03-30
47,So you're against Trump's taxpayer funded bailout of the farmers hurt by his trade war then?2019-03-30 21:10:46+00:000,2019-03-30
48,Ironic that you mention a free and open market considering Trump used taxpayer funds to bailout the farmers he purposely hurt cause of his trade war. The hypocrisy of the Republican Party is disgusting.2019-03-30 21:09:25+00:000,2019-03-30
49,Good call. Let’s save it for farmers fucked over by Trumps trade war2019-03-30 21:06:10+00:000,2019-03-30
50,Vietnam's economy gains as companies flee China in trade war (Nikkei Asian Review) https://asia.nikkei.com/Economy/Trade-war/Vietnam-s-economy-gains-as-companies-flee-China-in-trade-war …2019-03-30 21:00:06+00:000,2019-03-30
51,"Why is the Fed not increasing interest rates? If the economy was strong, they would be. Maybe Trump bullied them, or maybe Trump's trade war and welfare for the wealthy has harmed America. pic.twitter.com/Equ87yD07P2019-03-30 20:58:56+00:000",2019-03-30
52,Or how about not giving Amazon $137million rebate on $0 paid federal taxes that the 1% tax-cut allowed? Our trade war may have caused us to lose our soybean market that was very profitable. Don't talk rhetoric; do research. This isn't about helping people https://fingfx.thomsonreuters.com/gfx/editorcharts/USA-TRADE-CHINA-SOYBEANS/0H001JT183LC/index.html …2019-03-30 20:57:55+00:000,2019-03-30
53,"""Trump's trade war has harmed virtually all Americans while failing to positively impact the industries supposedly being protected."" @maxgAIER and I discuss tariffs on this week's @AIER Authors' Corner segment!pic.twitter.com/83X2fImgzF2019-03-30 20:56:32+00:0015",2019-03-30
54,Vietnam's economy gains as companies flee China in trade war https://trib.al/vLC0YOO2019-03-30 20:54:00+00:000,2019-03-30
55,Nikkei Asian Vietnam's economy gains as companies flee China in trade war http://dlvr.it/R1schq https://goo.gl/dbDdoW pic.twitter.com/8G3EUp29tM2019-03-30 20:52:33+00:001,2019-03-30
56,"A lot of times foreign aid is only reason other countries listen to the US. Without that incentive US will lose its foreign influence for trade, war, strategic placement of troops, etc... Monroe Doctrine anyone!2019-03-30 20:45:02+00:000",2019-03-30
57,So easy? Really? As easy as getting Mexico to fund the #TrumpVanityWall ? As easy as getting infrastructure done during infrastructure week? As easy as repeal/replace Obamacare? As easy as NK denuclearizing? As easy as the China trade war? #TrumpBrokenPromises #TrumpConJob2019-03-30 20:43:58+00:000,2019-03-30
58,Just stop already. You create more problems whenever you attempt to solve problems. #tradewar #Immigration #UnfitForOffice2019-03-30 20:43:10+00:000,2019-03-30
59,#ChineseBluff China downplays economic slowdown as crunch trade war talks kick off in Beijing https://www.scmp.com/economy/china-economy/article/3003620/chinese-premier-li-keqiang-promises-open-economy-further … via @scmpnews2019-03-30 20:40:30+00:000,2019-03-30
60,#Trade war: Vow to erase trade surplus with US by 2024 may be China's bluffhttps://www.business-standard.com/article/international/china-s-promise-to-eliminate-trade-surplus-with-us-by-2024-is-a-bluff-119012100076_1.html#.XJ_TgIhtxDQ.twitter …2019-03-30 20:37:27+00:000,2019-03-30
61,As easy as fixing the ACA? As easy as a trade war? As easy as fixing the economy? As easy as getting rid of ISIS in 30 days? Someone is stupid. Don’t think it’s necessarily the laws.2019-03-30 20:34:31+00:001,2019-03-30
62,Foreign aid prevents caravans. and American farmers are getting tons of help to offset the idiotic trade war. So I think foreign aid is good.2019-03-30 20:27:33+00:000,2019-03-30
63,"What Ancient Rome can teach us about the US-China trade war, by @barrystrauss and via @qzhttps://qz.com/1582066/the-us-china-trade-war-could-use-some-pointers-from-ancient-rome/ …2019-03-30 20:25:03+00:007",2019-03-30
64,Trump's 'economic illiteracy' caused US-China trade war: Columbia prof: Caused by illiteracy of ALL Presidents prior to Trump who left us in this mess. https://www.cnbc.com/2019/03/23/trumps-economic-illiteracy-caused-us-china-trade-war-columbia-prof.html …2019-03-30 20:22:33+00:000,2019-03-30
65,A global patent office could contribute to resolving the ongoing #dispute #tradewar between the US and #China on the protection of property rights.2019-03-30 20:21:58+00:000,2019-03-30
66,Name a single hamster that started a useless trade war.2019-03-30 20:21:06+00:001,2019-03-30
67,Why the US–China trade war spells disaster for the Amazon https://www.nature.com/articles/d41586-019-00896-2 … #nature2019-03-30 20:21:05+00:000,2019-03-30
68,Why the US–China trade war spells disaster for the Amazon https://www.nature.com/articles/d41586-019-00896-2 …2019-03-30 20:16:36+00:000,2019-03-30
69,Vietnam's economy gains as companies flee China in trade war https://asia.nikkei.com/Economy/Trade-war/Vietnam-s-economy-gains-as-companies-flee-China-in-trade-war …2019-03-30 20:11:39+00:000,2019-03-30
70,US-China soy trade war could destroy 13 million hectares of rainforest https://www.theguardian.com/environment/2019/mar/27/us-china-soy-tariff-war-could-destroy-13-million-hectares-of-amazon-rainforest?CMP=share_btn_tw …2019-03-30 20:08:34+00:000,2019-03-30
71,How the U.S.-China trade war could damage the Amazon rainforest https://www.pbs.org/newshour/economy/making-sense/how-the-u-s-china-trade-war-could-damage-the-amazon-rainforest …2019-03-30 20:07:41+00:000,2019-03-30
72,Environmental ramifications of the trade war. Incentivizing deforestation in the Amazon Why the US–China trade war spells disaster for the Amazon https://www.nature.com/articles/d41586-019-00896-2 …2019-03-30 20:07:30+00:000,2019-03-30
73,Trump’s trade war is brutal for MN farmers. http://strib.mn/2UUDz0n pic.twitter.com/jUEgA7JE2f2019-03-30 20:06:19+00:000,2019-03-30
74,"What's the matter...Republicans just don't care--they think that people want to have health care blocked. and Social Security and Medicare cut, and taxes raises through trade war tariffs. It's a bit late to moan about the road they've chosen.2019-03-30 20:00:48+00:000",2019-03-30
75,"What's the matter...Republicans just don't care--they think that people want to have health care blocked. and Social Security and Medicare cut, and taxes raises through trade war tariffs. It's a bit late to moan about the road they've chosen. https://twitter.com/JTMLX/status/1112081348875837440 …2019-03-30 20:00:28+00:000",2019-03-30
76,"France is blocking the launch of trade talks with the US, exasperating its EU partners who fear a restart to a trade war with President Donald Trump, diplomats said on Friday.Trump has until May to decide about car tariffs.... May and June will be interesting...2019-03-30 20:00:27+00:000",2019-03-30
77,China loses the trade war to the US http://katehon.com/article/china-loses-trade-war-us …2019-03-30 19:58:02+00:000,2019-03-30
78,"I wonder where they are now. Surely they are gearing up to protest the national debt, government subsidies for farmers pinched by an autocrats unprovoked trade war. While waving a constitution in the air of course.2019-03-30 19:57:50+00:000",2019-03-30
79,"So, what happened to the “easy to win” trade war? https://twitter.com/New_Narrative/status/1111977392866758657 …2019-03-30 19:50:02+00:000",2019-03-30
80,#TradeWar Positive news for India on back of falling #CrudeOil prices & government intervention via #MakeInIndiahttps://www.bloomberg.com/news/articles/2019-03-29/india-s-current-account-gap-narrows-first-time-in-three-quarters …2019-03-30 19:50:01+00:000,2019-03-29
81,US-China soy trade war could destroy 13 million hectares of rainforest | Amazon rainforest | The Guardian https://www.theguardian.com/environment/2019/mar/27/us-china-soy-tariff-war-could-destroy-13-million-hectares-of-amazon-rainforest …2019-03-30 19:49:02+00:003,2019-03-30
82,"Why @realDonaldTrump will possibly close southern border? It’s not bc he cares about illegal immigration, he doesn’t like the deficit w/. Want to know why he will eventually put tariffs on Europe Auto? Bc our deficit w/ . Want to know why trade war w/, deficit https://twitter.com/dlacalle_IA/status/1005555303558107137 …2019-03-30 19:47:23+00:001",2019-03-30
83,"Trump’s looming trade war gives Democrats an opening in farm country https://ift.tt/2BdfRoX JAMESTOWN, N.D. (Reuters) – North Dakota’s Heidi Heitkamp, one of the most endangered Democrats in the U.S. Senate, knows a political gift when she sees one. copyright © 2016 …2019-03-30 19:46:27+00:000",2019-03-30
84,Global #Trade has been increasingly vilified over the past five years from the global leaders to the distant emerging markets. Get your #Trade war history: https://bit.ly/2Rfrswy pic.twitter.com/mTRkOwqbGd2019-03-30 19:43:01+00:000,2019-03-30
85,"Cramer Remix: Forget the stocks caught in the trade war crossfire https://hedgeaccordingly.com/cramer-remix-forget-the-stocks-caught-in-the-trade-war-crossfire/ … #CNBC March 20, 2019@7:19pm2019-03-30 19:34:28+00:000",2019-03-30
86,How does this help fix income inequality? Outsourcing of our manufacturing jobs? Victims of Trump's trade war? Flood victims? Climate change? Affordable healthcare & prescriptions? Food insecurity? Creating jobs? Making education & job training affordable? Drug addiction? #Resign2019-03-30 19:27:39+00:000,2019-03-30
87,US-China soy trade war could destroy 13 million hectares of rainforest https://www.theguardian.com/environment/2019/mar/27/us-china-soy-tariff-war-could-destroy-13-million-hectares-of-amazon-rainforest?CMP=share_btn_tw …. @cathmckenna tell us again about your plan to cut emissions without addressing animal agriculture? @JustinTrudeau2019-03-30 19:26:03+00:002,2019-03-30
88,US-China soy trade war could destroy 13 million hectares of rainforest https://www.theguardian.com/environment/2019/mar/27/us-china-soy-tariff-war-could-destroy-13-million-hectares-of-amazon-rainforest?CMP=share_btn_tw …. @cathmckenna tell us again about your plan to cut emissions without addressing animal agriculture?2019-03-30 19:24:37+00:001,2019-03-30
89,#BarrCoverUp #ReleaseTheFullMuellerReport #CigarMtg666 #YouMayThinkItsOk #GOPCoverUp #TrumpRussia #TrumpBudget #NOTMYPRESIDENT #SDNY #GOPCorruption #LockHimUp #PutinRebuildsUSSR #RUreplacesUSwChina #tradewar #trumptarriffs #IdiotInChief #trumpSOHO #Resisthttps://twitter.com/funder/status/1111960557375143936 …2019-03-30 19:22:42+00:001,2019-03-30
90,"""How is tRump harming the #Amazon? Here's one way: #US- #China soy trade war could destroy 13 million hectares of #rainforest"" ...... and it is probably GMO Soy from Killer #Monsato/ Bayer2019-03-30 19:21:54+00:000",2019-03-30
91,What’s the effect of trade war? Could the uncertainty of it slowed down corporate investment? Could we get an increase in capital investment when the deal with China is signed?2019-03-30 19:14:17+00:000,2019-03-30
92,Many people may not realise that a trade war between two nations can affect land use in a third country. But this is the unintended consequence that arises from decisions made in a complex web of interactions in which change in any one part may affect every other. #climatechangehttps://twitter.com/milesaarons/status/1112067435492970498 …2019-03-30 19:11:52+00:000,2019-03-30
93,US-China soy trade war could destroy 13 million hectares of rainforest | Environment | The Guardian https://www.theguardian.com/environment/2019/mar/27/us-china-soy-tariff-war-could-destroy-13-million-hectares-of-amazon-rainforest …2019-03-30 19:01:52+00:000,2019-03-30
94,Interesting take on trade war...really? https://twitter.com/HuXijin_GT/status/1112042683210457088 …2019-03-30 19:00:21+00:000,2019-03-30
95,Hope they're enjoying the dire agricultural effects of Trump's trade war with China.2019-03-30 18:59:41+00:000,2019-03-30
96,"Universal basic income, universal healthcare, free public colleges or vocational schooling will benefit the American people more than tax cuts for the rich, a border wall, a trade war with China, and the Muslim ban.2019-03-30 18:52:21+00:000",2019-03-30
97,กินด้วยมือมันสกปรกค่ะ เสี่ยงเชื้อโรคมากกว่าช้อนส้อม และเราก็ไม่ได้ทำตามต่างประเทศทุกอย่างนี่คะ ถ้าทำตามทุกอย่างป่านนี้บางสถาบันอาจจะไม่มีแล้วก็ได้ แล้วประเทศเพื่อนบ้านเราเช่นลาวพม่าเขมรก็ไม่ได้มีกำลังรบอะไรมากมายนะคะ ถ้ากับมาเลเซียตอนนี้ก็trade warค่ะ เราจะเอาปืนไปtrade warหรอคะ2019-03-30 18:51:49+00:000,2019-03-30
98,Trying to win the trade war without saying it. China wants easy money they press a button. We have to justify our actions for the easy money . Winning this trade war is a very important show of dominance2019-03-30 18:50:22+00:000,2019-03-30
99,Trade War against the competition is going great. #MAGA #TiredOfWinningpic.twitter.com/jVIpEhZZsm2019-03-30 18:47:36+00:001,2019-03-30
100,#uspoli #cdnpoli #pnpcbc #UKpolitics #auspol #polcan #eupol #nzpol #SKpoli Maybe @CBC will explain who got Saskatchewan involved in Bibi & Trump's Trade War. What did @SASKMLA hope to achieve by telling China that Bibi says they are not allowed to sell to Iran?pic.twitter.com/PZaHUDpoiu2019-03-30 18:45:26+00:002,2019-03-30
101,"5/ Trump pulled out of the Pacific trade agreement that gave U.S. exclusive access to most Pacific markets and effectively shut China out, replacing it with an agreement that lets China lead and shuts the U.S. out. Trump's trade war with China bankrupts thousands of U.S. farmers.2019-03-30 18:41:17+00:000",2019-03-30
102,"pushing for a trade war with china, wants tariffs on blue check exports2019-03-30 18:38:25+00:000",2019-03-30
103,How’s that trade war working out for us?: 2018 saw the Trump… https://goo.gl/fb/SWeMEC | By UnConflicted2019-03-30 18:35:32+00:000,2019-03-30
104,trumps trade war and reduced tax returns from trump tax plan for the wealthy is harming us greatly also!2019-03-30 18:32:49+00:000,2019-03-30
105,"In Oct I'm guessing Larry figured the China trade war would have ended by now and no government shut down. The tariffs cannot be helping our economy. QT and higher rates at the same time is just too much. Do one or the other, not both.2019-03-30 18:15:56+00:000",2019-03-30
106,"In an ironic twist, President Trump's trade war with China has been a boon for Mexico https://bloom.bg/2JP7OF32019-03-30 18:09:15+00:006",2019-03-30
107,Why the US–China trade war spells disaster for the Amazon http://ow.ly/K5gD30og7ug via @nature2019-03-30 18:05:09+00:000,2019-03-30
108,US-China soy trade war could destroy 13 million hectares of rainforest https://www.theguardian.com/environment/2019/mar/27/us-china-soy-tariff-war-could-destroy-13-million-hectares-of-amazon-rainforest?CMP=share_btn_tw …2019-03-30 18:04:32+00:000,2019-03-30
109,"The first rule in a trade war is, win it! President Trump gets it. http://www.rockit.news/2019/03/30/free-trade-treason/ …2019-03-30 18:00:12+00:000",2019-03-30
110,"Çin ""Trade war"" məsələsinə görə Avropadan Airbusdan 300 ədəd təyyarə almaq üçün razılaşma imzalayıb. Ümumi dəyəri 30 milyard euro. 290 ədəd A320 10 ədəd A3502019-03-30 17:56:41+00:000",2019-03-30
111,Global economy needs resolution on U.S.-China trade war https://www.mysanantonio.com/opinion/commentary/article/Global-economy-needs-resolution-on-U-S-China-13721635.php?utm_campaign=CMS%20Sharing%20Tools%20(Desktop)&utm_source=t.co&utm_medium=referral …2019-03-30 17:53:29+00:000,2019-03-30
112,utk ini saya blum bisa koment.. sama halnya dg issue trade war or etc.. karena ini banyak kepentingan.. yg jelas bukan hanya peer to peer indonesia vs china utk obor. cmmiw2019-03-30 17:51:08+00:000,2019-03-30
113,To the great wealth of our Trade War with them.2019-03-30 17:50:31+00:000,2019-03-30
114,The incoming first results of Trump's stupid trade war! #DrainTheTrump #StupidEconomics #StupidTariffs #StupidTradeWar #TrumpIsCruelToAmerica #UnfitForAmerica #NotExonerated #ReleaseTheFullReporthttps://twitter.com/tedlieu/status/1112013501336174592 …2019-03-30 17:49:56+00:000,2019-03-30
115,"Starting a #tradewar is not #Conservative ,"" Flake said. ""Conservatives have, if there is any defining, animating principle that we have had in the party for generations now, it's #freetrade. And the President has really tossed that overboard.""2019-03-30 17:48:32+00:000",2019-03-30
116,"Harley-Davidson To Shift Some Production Overseas Due To Trade War https://ift.tt/2FGyWR7 Harley-Davidson Inc. announced it is shifting production of some of its copyright © 2016 March 30, 2019 at 01:35PM2019-03-30 17:44:14+00:000",2019-03-30
117,U.S. and China Got Into a Trade War and Mexico Won https://www.bloomberg.com/news/articles/2019-03-27/who-is-winning-trump-s-trade-war-with-china-so-far-it-s-mexico …2019-03-30 17:39:12+00:000,2019-03-27
118,"Trump’s trade war cost U.S. economy $7.8 billion in 2018: study https://tradeforprofit.net/2019/03/trumps-trade-war-cost-u-s-economy-7-8-billion-in-2018-study/ … Posted on March 15, 2019 in #businessNews2019-03-30 17:38:43+00:000",2019-03-30
119,Are you ready for #RoundThree of the #PlasticWaste trade war? | GreenBiz https://buff.ly/2HZFHk42019-03-30 17:36:00+00:000,2019-03-30
120,$SPY $QQQ $FXI Trade Wars aka....Fiscal Kombat.... #tradewar #economypic.twitter.com/raOuouZ5Hp2019-03-30 17:35:59+00:000,2019-03-30
121,China Threatens To Pull Money From Silicon Valley: “Trade War Will Become A Tech War” https://tradeforprofit.net/2019/01/china-threatens-to-pull-money-from-silicon-valley-trade-war-will-become-a-tech-war/?utm_source=ReviveOldPost&utm_medium=social&utm_campaign=ReviveOldPost … #wallst2019-03-30 17:33:42+00:000,2019-03-30
122,"He lost me at least tyrannical. The pillaging of resources, Atlantic slave trade, war on terror that kills people everyday by the hundreds.. if anything western society is the most evil. And btw men have more privilege than women.. his points are far off2019-03-30 17:30:40+00:000",2019-03-30
123,"Close the border? Complains "" Caravans"" from Nicaraugua, Guatemala. Mexico is not doing enough to stop it. American farmers are suffering from his trade war. Next time your in the grocery store, look at stickers on the fruit n veggies . 80% from Mex. n Central America? WTF pic.twitter.com/4Ba8E02Kye2019-03-30 17:25:36+00:000",2019-03-30
124,"One year since the trade war started, the Chinese have been less worried about it. They feel the US is not as powerful as they had thought and the impact the trade war has on their life is not that big. This will seriously weaken psychological advantage of US side in trade talks.2019-03-30 17:23:31+00:0037",2019-03-30
125,"Investing internationally has never been as complex as it is today. Trade war between the US and China, under-performing global stock markets, European political turmoil and ongoing uncertainty about Brexit all make it hard to know where to invest your hard-earned money. pic.twitter.com/jfj8rO0RHF2019-03-30 17:20:44+00:000",2019-03-30
126,Vor dem OBJ Trade war sicher Cleveland einer der heißesten Kandidaten auf Hollywood Brown.2019-03-30 17:11:37+00:000,2019-03-30
127,2019 Is The Year Farmers Will Feel The Pain From Trump's Trade Wars: “Hard times for farmers got tougher with President Donald Trump’s trade war. Now Midwestern farmers are filing the highest number of bankruptcies in a decade” https://www.forbes.com/sites/chuckjones/2019/03/30/2019-is-the-year-farmers-will-feel-the-pain-from-trumps-trade-wars/ …2019-03-30 17:08:33+00:003,2019-03-30
128,"I don't think that farmers are victims of the trade war (they were losing money long before Trump hit town, or climate change (they've stripped the land bare). Even in their best year, they don't make much profit. They are victims of Big Ag's rigged and ever expanding system.2019-03-30 17:06:49+00:000",2019-03-30
129,"3- Joe, let’s talk about pipe lines they leak.infact one of them is to export Canadian tar sands. These are pollutants. One of the investors were the Koch Bros. Now on to trade war with China. Our farmers are being destroyed by this trade war.2019-03-30 17:00:29+00:000",2019-03-30
130,"China, US Pore Over Details of Trade War Text Agreement - Bloomberg https://www.bloomberg.com/news/articles/2019-03-29/china-u-s-said-to-pore-over-details-of-text-to-end-trade-war … via @GoogleNews2019-03-30 17:00:10+00:000",2019-03-29
131,Europe's Article 13 Copyright Rule Is a Transatlantic Trade War via @Enteurope @saschaseganhttp://entm.ag/uxz2019-03-30 16:56:33+00:000,2019-03-30
132,"#uk #business investment slide, but trade war optimism boosts stocks - #business live - the guardianhttps://buff.ly/2WBmIQT2019-03-30 16:47:01+00:000",2019-03-30
133,"""Trump Fed"" Trump: Damn the torpedoes full sped ahead! If I listened to economists, we wouldn't be in a trade war with every country across the globe at the same time. I KNOW WHAT I'M DOING, Peter Navarro say so.2019-03-30 16:43:09+00:000",2019-03-30
134,"Mr. Trump’s tax cuts fade and as his trade war and weaker growth in Europe and in China contribute to a slowdown. Mr. Powell told reporters earlier this month that, depending on how economic data played out, the Fed’s next move could just as easily be a rate cut as a rate2019-03-30 16:39:05+00:000",2019-03-30
135,"But this is consistent with the motive to win the trade war, the stock market rally is now a bargaining chip for trade war, right now it’s going nowhere.2019-03-30 16:22:51+00:000",2019-03-30
136,"I don't recall believing Putin over the CIA, enriching the President's golf clubs, discovering yet another corrupt cabinet member, caging immigrant children without their parents, getting owned by North Korea and losing a trade war with China at any Christmas2019-03-30 16:19:55+00:000",2019-03-30
137,"Totally agree, US is pushing the envelop on Masood Azhar with China to serve its trade war tactics only. It is not out of any love for India. We should continue to fight diplomatic wars on our own policies. Very good insights by ⁦ @TheJaggi⁩https://swarajyamag.com/politics/new-us-aggression-on-china-bears-watching-but-india-cannot-be-sure-wholl-blink-first …2019-03-30 16:18:08+00:000",2019-03-30
138,More importantly its his idiotic trade war thats dragging the economy down.2019-03-30 16:14:20+00:000,2019-03-30
139,"After promising his skills as a businessman and dealmaker would make America’s trade deficits with other countries a thing of the past, Trump started a multifront trade war with many of our biggest trading partners. Our trade deficits have now hit record highs on his watch.2019-03-30 16:13:22+00:002",2019-03-30
140,Is it trade war or rebalancing? Why can't we leverage against foreign suppliers who are subsidized by their governments and whose governments charge the US a larger import rate than we charge them?2019-03-30 16:07:15+00:000,2019-03-30
141,"Amidst economic uncertainties such as the China trade war and slowed economic growth, we are wrapping up a solid quarter this weekend. https://lnkd.in/ex2-4Xc2019-03-30 16:06:45+00:000",2019-03-30
142,"Trade war has begun,,the real war will begin soon,,2019-03-30 16:05:24+00:000",2019-03-30
143,"RU really THAT stupid? Are UR followers THAT stupid? Yep. Not how it works @realDonaldTrump Maybe talk to an engineer...or, while in the Great Lakes area, visit #MeadowLakeWindFarm. Those windmills are keeping farmers solvent despite your soybean #tradewar. https://twitter.com/atrupar/status/1111419775601635330 …2019-03-30 16:04:07+00:000",2019-03-30
144,"As #Huawei Hits $100 Billion #Revenue, Chairman Said The U.S. Has ""Loser's Attitude"" & ""Table Manners"" Problem - http://www.financetwitter.com/2019/03/as-huawei-hits-100-billion-revenue-chairman-said-the-united-states-has-losers-attitude-table-manners-problem.html … #China #UnitedStates #USA #TradeWar #Mobile #Technology #TechNews #Hacking #Spying #5G #Leadership #Competition #DonaldTrumppic.twitter.com/LzyjkP0iY42019-03-30 16:02:27+00:001",2019-03-30
145,"Republicans are blocking the release of the #MuellerReport, defunding the Special Olympics to pay for millionaire tax cuts, providing farmers w more handouts bc of their stupid trade war & suing to take healthcare away from millions of Americans. What a mess you've made.2019-03-30 16:01:07+00:000",2019-03-30
146,"US-China trade war ‘imperils’ Amazon forest, experts warn https://ift.tt/2TJXzl52019-03-30 15:56:17+00:000",2019-03-30
147,It was indeed a UK idea. May has been so crap at party management and negotiations that she’s ruined it for UK and EU. Hopefully we can yank it to Norway and stop a nascent trade war.2019-03-30 15:49:07+00:000,2019-03-30
148,Maybe they should have considered the impacts of a global trade war...2019-03-30 15:48:28+00:000,2019-03-30
149,More money may be coming via trade war tariffs—and it's not just from China http://on.forbes.com/6010EwzvC pic.twitter.com/sosQ487wB32019-03-30 15:47:32+00:000,2019-03-30
150,"Had @realDonaldTrump not mistakenly started a trade war, @Ford could have made more profits. Had @realDonaldTrump not been continuously golfing during his #FakeNationalEmergency, the USA debt would be lower. Had @realDonaldTrump not become President, everything would be just fine2019-03-30 15:46:52+00:000",2019-03-30
151,"summ up tonight's debate, if you want something change happen to Indonesia suddenly. Go ahead choose Prabowo. He shows a lot of anger tonight. Dunno what it'll lead us someday. Trade war maybe? ever seen the impact's of US-China Trade war to our currency and stock? yeah right.2019-03-30 15:44:53+00:000",2019-03-30
152,"Yes - that's what happens when most of your trade is with EEA, and it suffers (as UK has/is) from external factors like US-China trade war - we're tiny c.f. either of them, or EU, which is why (as well as for neolibs low-tax/pub svcs dream) we're subservient to US in FTA deg'n...2019-03-30 15:44:01+00:000",2019-03-30
153,"""More money may be coming via trade war tariffs—and it's not just from China http://on.forbes.com/6010EwzvC pic.twitter.com/N2000ImYim""2019-03-30 15:42:21+00:000",2019-03-30
154,More money may be coming via trade war tariffs—and it's not just from China http://on.forbes.com/6010EwzvC pic.twitter.com/9NF0IjJLy02019-03-30 15:41:00+00:0022,2019-03-30
155,all of this retesting depends on earnings season next month followed by the trade war. guidance's have been lowered so we'll see2019-03-30 15:36:05+00:000,2019-03-30
156,@Huawei dy chairman defended its commitment 2 security on Fri after a stinging Britishgovt report added 2 western pressure on company by accusing it of failing 2 repair dangerous flaws in its telecom technology. It announced last year's sales surpassed $100bn despite #tradewar2019-03-30 15:33:51+00:000,2019-03-30
157,"After promising his skills as a businessman and dealmaker would make America’s trade deficits with other countries a thing of the past, Trump started a multifront trade war with many of our biggest trading partners. Our trade deficits have now hit record highs on his watch.2019-03-30 15:33:43+00:000",2019-03-30
158,Trump's Trade War is now bearing it's fruits just in time for a Recession to hit-- during an Election Year2019-03-30 15:30:02+00:002,2019-03-30
159,You are the do nothing potus. You haven't done a single thing since in office. Healthcare Wall/border North Korea Russia interference Trade war NAFTA Middle class pay NATO Opioid crisis Racism Unity The right just talks about media/dems/conspiracies They don't do anything.2019-03-30 15:29:50+00:000,2019-03-30
160,Fed. kept inflation to 1.5% which is a good thing for consumers. The GDP ended the year at 2.9% with 4th quarter being only 2.2%. The economic problems are many but lower consumer spending & trade war with China are 2 main issues.2019-03-30 15:26:04+00:001,2019-03-30
161,"#Truth #Reality #Fact #OpTrump #TrumpEffects #TradeWAR #Economy #Resession >> U.S. #consumers spending soft, inflation benign as economy slows | Reuters https://www.reuters.com/article/us-usa-economy-spending/u-s-consumer-spending-soft-inflation-benign-as-economy-slows-idUSKCN1RA1EK … #FUCKTrump @GOP #ShinyObjects #ShockDoctrine #FUCKThem LIARS!! all of them.2019-03-30 15:24:34+00:001",2019-03-30
162,"Yes, and Trump's trade war is destroying farmers.2019-03-30 15:23:01+00:000",2019-03-30
163,"There are no coincidences. Trade war, supply chain reorientation, Syria, XL Keystone Pipeline, NATO, US introducing military gear from its old skunk works b-projects, ECB preventing Italy from managing its gold flows, attacks on Huawei, etc. Global Systems War What’s next move?2019-03-30 15:18:24+00:000",2019-03-30
164,US tried a trade war with the EU and backed down. Who says Americans are dumb?2019-03-30 15:15:25+00:000,2019-03-30
165,"Mexico is winning the trade war as well and do not have the capacity to stop the flow of people given their internal problems. We cannot find all illegals, how can they?2019-03-30 15:07:53+00:000",2019-03-30
166,"Trade war has begun,,soon the real war will kick in, and we are in the middle of the warzone, d u realize it? #DebatPilpres2019 #01CapresPendustaAbadi #PrabowoMenangDebat2019-03-30 15:00:54+00:000",2019-03-30
167,"UK business investment slide, but trade war optimism boosts stocks - business live https://goo.gl/fb/MNX3N12019-03-30 15:00:16+00:000",2019-03-30
168,"Your party is blocking the release of the #MuellerReport, defunding the Special Olympics to pay for millionaire tax cuts, providing farmers w more handouts bc of their stupid trade war & suing to take healthcare away from millions of Americans. This is the real you.2019-03-30 14:58:35+00:001",2019-03-30
169,Why didn't you release it when you had a chance??? You know that 2 years running everything. I known you and the GOP were too interested in cutting taxes for your biz buddies that exploded the deficit and the Trump trade war that has attacked farmers and exploded trade deficit.2019-03-30 14:55:04+00:000,2019-03-30
170,Sure it was That's why the tea party president has exploded the deficit despite (or more likely to facilitate) a booming economy And taken bank bailouts to midwest farmers due to his insipid trade war #FRAUD2019-03-30 14:53:41+00:000,2019-03-30
171,Trump trade war victories follow Mueller 'nothingburger' https://www.americanthinker.com/blog/2019/03/trump_trade_war_victories_follow_mueller_nothingburger.html?fbclid=IwAR3DDGpa2JJmv2QeCTBU5k1S5VnJpAgxyFE6zAErJualVern5aJi8ag4Vak#.XJ-CpfuKIsQ.twitter … #MAGA #Teaparty #PJNET #CCOT2019-03-30 14:52:49+00:000,2019-03-30
172,"US-China trade war ‘imperils’ Amazon forest, experts warn https://ift.tt/2TJXzl5 #amazonrainforest2019-03-30 14:32:28+00:000",2019-03-30
173,"""The Fed, along with many outside economists, sees economic growth slowing in 2019 as the effects of Trump’s tax cuts fade and as his trade war and weaker growth in Europe and in China contribute to a slowdown""2019-03-30 14:29:47+00:000",2019-03-30
174,Report: #Minnesota farm income lowest in 23 years #TradeWar https://www.agweek.com/business/agriculture/4590888-report-minnesota-farm-income-lowest-23-years#.XJ98OKNZ7m0.twitter …2019-03-30 14:25:18+00:000,2019-03-30
175,How many billions in government subsidies have been paid out to compensate for Trump’s trade war with China?2019-03-30 14:24:02+00:000,2019-03-30
176,Could a trade war with the EU cripple the UK? Asking for a friend.2019-03-30 14:20:36+00:000,2019-03-30
177,Stop the Trump GOP Tariffs and Trade War Ken. Read! Then join Democratic efforts to bring America back to free trade. https://www.vox.com/2019/3/29/18287491/trump-closing-border-mexico-trade-not-how-it-works …2019-03-30 14:17:28+00:001,2019-03-30
178,Cramer Remix: Forget the stocks caught in the trade war crossfire #tradewar http://rite.ly/whA6 via #cannabis . @colortheory via @_TylerTheTyler_ #cannabisstocks . @positivestocks . @semprevitoriosopic.twitter.com/kHSy3hDOu92019-03-30 14:12:04+00:000,2019-03-30
179,China trade deal isn’t going well. We are in a trade war scenario and the first economy to fall loses the negotiating power. China is subsidizing their economy and we have to do the same to compete. It seems pretty obvious @QTRResearch @NorthmanTrader @PeterSchiff2019-03-30 14:10:11+00:000,2019-03-30
180,Uh oh looks like he finally realized the stock market has been stagnant for the last year since his “tax cut” and trade war with China went into effect. His “great economy” talk may have fooled his base but it can’t fool the market. The Trump recession has already begun.2019-03-30 14:09:33+00:000,2019-03-30
181,Totally. It’s like they didn’t see a trade war induced slowdown coming.2019-03-30 14:06:33+00:000,2019-03-30
182,Leadership Thoughts: How Much Did Trump's Trade War Cost You? You'll Never Guess http://dlvr.it/R1rn3w pic.twitter.com/FPwb5GRan72019-03-30 14:02:02+00:000,2019-03-30
183,"EU will seek to punish UK, attempt to cripple UK economically, one of the few countries that helps to counter countries like Russia/China all the while the EU is smooching China taking advantage of US/China trade war & will then position themselves to try to get US sell out UK2019-03-30 14:01:58+00:001",2019-03-30
184,Need to brush up on the latest from the trade war before that classy dinner this evening? Check out the first of our SupChina Quarterly Red Papers with the latest on Sino-global relations. $25 or FREE with ACCESS membership ($8.88/month or $88/year) http://bit.ly/2JCVA1Z2019-03-30 14:01:57+00:000,2019-03-30
185,"Exactly, what has he done? Continued economic growth & lowering unemployment that has been consistent since 2010. NK hasn’t disarmed any nuclear warheads. He has initiated a trade war that has resulted in higher prices for goods to consumers & the payment of subsidies to farmers.2019-03-30 14:01:15+00:000",2019-03-30
186,"“There is plenty to support Vietnamese growth over the next few years. As companies move out of Korea, Japan, Singapore or China, Vietnam may be a beneficiary.” #Vietnam #China #tradewar #FDI #supplychains #SEAsia #ASEAN https://www.forbes.com/sites/cherryreynard/2019/03/29/who-wins-from-the-chinaus-trade-war-vietnam/#67529b937e94 …pic.twitter.com/NrUhP7LPSb2019-03-30 14:00:32+00:000",2019-03-30
187,Why the US–China trade war spells disaster for the Amazon. https://www.nature.com/articles/d41586-019-00896-2 …2019-03-30 13:58:19+00:002,2019-03-30
188,"Mayor exportación de soya brasileña a China, por guerra comercial con Estados Unidos. Amenaza de más deforestación en la Amazonia. Trade war imperils Amazon rainforest, experts warn https://www.sciencedaily.com/releases/2019/03/190328102600.htm …2019-03-30 13:58:13+00:000",2019-03-30
189,EU inability to contest China while also taking advantage of US/China trade war to expand trade with China show how sincere EU is to play it role to counter aggressive China/Russian expansion. While refusing to do FTA with UK/US whom do counter RUS/CHI https://www.express.co.uk/news/world/1107426/South-china-sea-latest-news-us-tension-donald-trump-xi-jinping-wu-schicun-world-war-3 …2019-03-30 13:55:50+00:000,2019-03-30
190,Indonesia must seize trade war opportunity https://asia.nikkei.com/Opinion/Indonesia-must-seize-trade-war-opportunity …2019-03-30 13:54:54+00:000,2019-03-30
191,"Trump admin's trade war demands could be faltering because they haven't been translated into Chinese, says expert http://www.newsweek.com/china-trump-trump-not-translated-1378687 …2019-03-30 13:52:25+00:000",2019-03-30
192,Chinese and U.S. negotiators are working line-by-line through the text of an agreement to end the trade war https://www.bloomberg.com/news/articles/2019-03-29/china-u-s-said-to-pore-over-details-of-text-to-end-trade-war … via @bpolitics2019-03-30 13:50:43+00:000,2019-03-29
193,Same place their infrastructure plan is and somewhere behind the solution to the trade war with China (who just ordered planes from the EU). All in a dark and lonely place.2019-03-30 13:49:59+00:000,2019-03-30
194,"Republicans are blocking the release of the #MuellerReport, defunding the Special Olympics to pay for millionaire tax cuts, providing farmers w more handouts bc of their stupid trade war & suing to take healthcare away from millions of Americans. America deserves better.2019-03-30 13:48:25+00:000",2019-03-30
195,"The trade war has resulted in a big hit to the US economy, and a trust deficit that could indeed evolve into an unproductive technology war on many levels. Candid dialogue/cooperation by the first and second largest economies in the world is needed. Amb Allen gets it.2019-03-30 13:45:36+00:000",2019-03-30
196,"I personally know 3 different families who had to close their businesses because of new steel tariffs. I know farmers who lost their buyers since Trump’s trade war started. My taxes went up, but for those more fortunate, the cost of goods/services is increasing faster than wages2019-03-30 13:44:19+00:000",2019-03-30
197,Chinese owner of gay dating app Grindr is dragged into the US-China trade war. https://asia.nikkei.com/Business/Companies/Grindr-security-concerns-cloud-Chinese-owner-s-global-ambitions …2019-03-30 13:42:54+00:000,2019-03-30
198,His trade war comments remind me of “who knew health care was so complicated”.2019-03-30 13:39:50+00:000,2019-03-30
199,"In an ironic twist, President Trump's trade war with China has been a boon for Mexico. https://www.bloomberg.com/news/articles/2019-03-27/who-is-winning-trump-s-trade-war-with-china-so-far-it-s-mexico … via @bpolitics2019-03-30 13:31:42+00:001",2019-03-27
