,selftext,timestamp
2,"I'm really hoping someone here can shed a light on this for me. About 3 weeks ago I upgraded TV's and bought a 55inch Smart TV (UN55NU7100FXZA), and everything was great, was streaming UHD on Netflix, everything was playing in 4K smoothly on Youtube, the whole 9. So then I was away from home for about 2 weeks, and then when I come back yesterday... I can hardly stream 1080p without buffering every 30 seconds. Wtf? For context, my internet speeds float at around 150 down/25 up with a single digit ping. This is current, I can get these results on any device in my house in any room on the same connection, and I assumed the Smart TV shared the same results until recently. Right now I can't test higher than 23 down/ 7 up with a ping anywhere from 130-270 on my TV. Yesterday I got on the online support with Samsung and the fella factory restored my TV's settings, checked for all the updates, and changed the DNS to 8.8.8.8, seemed to work for a little while but then today it's the same thing, can't even stream at a shitty 1080p. So it's obviously not my internet considering I can stream the highest possible resolution on any other device in my house, so what gives?! Everything was going good with the TV until just recently and I have no idea what it could be. This is honestly so frustrating taking into account what the TV is supposed to do, my internet connection, and that it wasn't doing this when I bought it. Does anyone have any ideas or suggestions? There's clearly something wrong that neither Samsung support nor I can figure out so I'm really hoping someone does. I'm this close to returning the thing if it honestly can't even stream 1080p. Thanks.",2019-03-31 18:26:13
3,"So, as you may know, support for VA ended with ONE UI (maybe earlier but I noticed this after the update). I saw some user's screenshot of a chat with samsung's twitter account regarding bringing VA back into SIB and I was wondering if Samsung said something about it in the last month. It was really good feature, if it would be here now, I wouldn't have to watch some films and movies in those shitty players with limited speed (yes, openload and streamango, I'm talking about you). If someone from Samsung will every read that, please, BRING BACK VIDEO ASSISTANT INTO SAMSUNG INTERNET BROWSER",2019-03-31 19:14:32
4,"...I bought it from computeruniverse, a German store. What is the warranty and what can I do?",2019-03-31 19:30:58
12,"I've been doing some research about Samsung Galaxy A 50 camera and I think I'll soon buy this smartphone but I'd like some help about the camera settings. Is there any way to know if the phone will let me save the images in RAW format? Does anyone know if the camera PRO mode lets me adjust th shutter speed, if not is there any app or somehting similar? &amp;#x200B; Any A50 user that could develop any mini review or information about the camera experience and overall experience would be welcome!!!",2019-03-31 21:14:15
16,Why are the logos apple if this is a samsung subreddit,2019-03-31 21:58:01
18,"Hey r/Samsung, It‚Äôs with great sadness and sorrow that we announce Samsung Mobile has been acquired by Apple. *After the failure of Samsung‚Äôs latest flagship, the S10, and due to the high production costs and low demand for the Galaxy Fold, the company has lost its high share value, causing Apple Inc to buy those shares and effectively take over the Samsung Mobile devision by force.* We have reflected the new *announcement* by updating our banner to represent the future of Samsung. We believe in the future, and we truly believe Apple will bring a lot to the table. Please keep all discussion about this dramatic happening here. &gt;!Happy April 1st Everyone ;)!&lt;",2019-03-31 22:22:55
22,"I have historically been an Apple guy but I recently purchased the Tab 4, and I'm really surprised at how many popular apps don't have a horizontal view?",2019-04-01 01:50:57
25,"FYI, My TV's model number is UN40J520DAF.",2019-04-01 02:43:22
31,"Hi! The CF791 is getting long in the tooth, and sorely needs an upgrade. Does Samsung have plans to update it soon? It seems Samsung have already developed the panel, as the MSI Optix MPG341CQR will release this summer. Tl;dr: Ultrawide 34"" 3440 x 1440 144 Hz FreeSync monitor in the works?",2019-04-01 08:14:54
34,"Since I got my S10 Plus I've been thinking of getting the Galaxy Buds but looking at reviews, some positive, some negative and coming from wearing an over ear pair of AKG -K550's (also amazing) at work all day I didn't expect much sound wise and merely wanted the wireless capability. I was ready to take the hit to sound quality for the freedom but my god... these things sound amazing. After some playing around with the wingtips and ear bud tips to find the best fitting and seal I pressed play on 'Deutschland' and was blown away with how clear it was on the default setting. Good bass without needing the bass boost. The other settings... not so good but that 'Dynamic' setting works beautifully. Find the right combo of wing and tip and boom. Setting the long press to Google Assistant also lets me perform actions on the phone or call without needing to take my phone out. Overall, super impressed and glad I didnt put the purchase off even longer. For anyone on the fence... get off it. Anyone else got any tips or enjoying them?",2019-04-01 10:21:47
37,As you guys must've known samsung s10 5G model hits the market in a few days. So do you think there is any chance that the other s10 models will atleast have a slight decrease in their prices? Please share your opinions. Thank you!,2019-04-01 13:15:59
38,"Hi, hope you're all having a nice day! As the title says i would like to transfer files from my PC to my phone, specially movies/series to watch on the train. I'm new to Samsung phones so i have no clue on how to do it. Thanks for your time!",2019-04-01 13:48:33
41,my school has tablets with samsung knox enrollment service they are on android nougat but there is an oreo upgrade for it if i download the software and install it using odin will it remove my enrollment?,2019-04-01 14:38:11
53,"I just want to be able to pause/play music with it. I got the Android pie update yesterday on my S8 and i went to see the built in command option, which allows you to activate any speakable command with bixby by pressing the button, but you can only do either pause or play, rather than toggle, and for whatever reason, bixby does nothing without internet, and i do a lot of stuff in airplane mode, including listen to music. That isnt all, of course, because i also cant use bixby unless the phone is both awake and unlocked which makes it even more useless. But the thing that irritates me the most is that the only direct controls you have for music in bixby is for spotify. I use Samsung Music all the time, barely even touch spotify, and they dont even support their own music app with their own support assistant. Ive tried several remapping apps but nothing works, and ive given up.",2019-04-01 20:41:48
59,Cant customize massages need night mode fuck bixby will never by a samsung again apps now look cartoony hate it they lost a customer with this update,2019-04-01 22:28:42
60,Any notification or even liking something on Facebook will cause my music to either lower in volume for a second or stop playing and skip a few seconds in the song. How the hell do I turn this feature off?,2019-04-01 22:41:59
61,"After realizing that my 2017 Moto X4 sounded worse than my 1991 Motorola brick phone on AT&amp;T, I took advantage of the Costco $200 cash back and bought an S10e. So far likes and dislikes: - call quality: very good, but TBH I am not impressed. It's 2019 and it's not quite where it should be. Much better than the X4 but still not as good as landline. - Wireless is great. I even got 5G (üòÇ). Works pretty well. Faster than the X4. - WiFi is solid - Samsung skin is minimal. Good. Settings confusing a bit - Display is very good and flat. I would have gotten the S10 if offered with a flat screen. - battery life is ok. I'm still learning the ropes. - physical size: just perfect except for the guy who specified glass back. Slipperier than an eel immersed in WD-40. Spigen case arrives tomorrow - punchhole is not noticeable. A friend sent a link to hilarious backgrounds that cover the hole, the one with Kim Jong Un is priceless. Google it. - gaming is exceptional. Angry Birds 2 flies (pun not intended). I'm running at medium power mode CPU at 70%. Not noticeable. - setup troubles thanks to Android noted in another post. Password party in progress. - wireless charging rocks. Borrowed a friend's pad to test, OMG. Life changing. Buying one. - akg wired buds. Excellent sound quality. A bit cheesy build but good sound. Overall happy, just waiting for the case to come in.",2019-04-01 22:47:23
64,"Welcome to the Daily Tech Support Thread for r/Samsung. Have a question you need answered or looking for advice about which Device you should purchase? Ask! Please remember to adhere to our rules which can be found in the sidebar(s) here, and find some new ones! **Note:** Comments are sorted by new for your convenience. If you do not get a response, try asking in the tech support or the purchase advice section of the r/Samsung Discord.",2019-04-02 01:57:38
65,"###Welcome to Wallpaper Tuesday, r/Samsung! Wallpaper Tuesday is a day where users can share their favorite wallpaper's and/or find new ones themselves! Please remember to respect the rules below, and to upload the highest quality version of a wallpaper you can find. ----- **Rules** 1. Please use a reputable image host like [imgur.com]( 2. No NSFW posts. 3. Directly linked images only (albums are acceptable). ----- This thread will remain stickied for 24 hours. At that time, the thread will remain active, and an archives link will be posted in the sidebar for easy access. You may also find [archives here](",2019-04-02 02:09:52
66,"I just bought a Samsung Galaxy Watch at Costco today after my Fitbit Surge bit the dust. Murphy's Law and all, the Watch is incompatible with my Pixel 2. I had to dig out my old Nexus 4 to get the thing set up. Is Samsung ever going to support Android Pie, or should I just take it back to Costco?",2019-04-02 02:43:02
71,I have a Samsung galaxy A50 and i want to you night mode on it and i can't find a right port of gcam for my phone please provide me a link for Exynos 9610 chip or any cam version capable for Exynos 7 series chips. Thank you.,2019-04-02 04:44:13
76,My first phone was a galaxy s3 mini but I've gotten 2 iPhones over the past 2 years. Now that I am back to Samsung with my galaxy note 5 I noticed that the autocorrection is weird because I have to switch between german and English because I am from Germany. Is there a way to have both autocorrection in one keyboard instead of having to switch it like it was on the iPhone so that when I type an English word it autocorrect into English and the same for ge3man but without the switch on the spacebar,2019-04-02 06:05:07
86,"Ok so I just got the Samsung Galaxy s10e and it's by far the best phone I ever had but I'm having one slight problem. Idk if it's the app or phone but when I want to play dragon ball legends (Great game btw 9/10) on mobile data (t-mobile plan) it loads forever, I can download 3 games with 5 gigs each before it loads. It only seems to only be on this I can play fortnite or pubg perfectly fine but when i go to dragon ball legends it loads forever. This didn't happen on my old phone, I tried using my old sim card but that didn't work. I really don't know what to do, does anyone have some tips",2019-04-02 11:16:35
95,Has anyone else noticed a jittery feeling when scrolling on the s10? I didn't notice it on s9 and I would not have thought it would be a problem this far into the 'future' with Samsung. Is there anything I can do?,2019-04-02 15:38:15
97,Does samsung Dex works in georgia(country not state) i connect it to TV with both usb and HDMI cables but it does nothing?,2019-04-02 15:44:13
98,"I'm curious if others have had the same or a similar experience to me trying to use their eCertificate. The whole process of purchasing the S10 and using the promotional $130 eCertificate to purchase the Galaxy Buds has been an unnecessary hassle, and very unprofessionally handled by Samsung. The customer service during this process has been absolutely atrocious. &amp;#x200B; Here's a list of gripes I have about this whole thing. I'm curious if anyone else picked up on this, and finds this whole thing a bit fishy: \- It wasn't clear that you would need to wait weeks after receiving your phone to even get the eCertificate code. \-There have been conflicting emails from Samsung, and an overall severe lack of communication about the process from start to finish. \-Samsung Phone support explained that this was done so the code would be sent right after the return window closed for the phone. I guess I understand this from Samsung's perspective, but that should have been well communicated to each customer. \- Promotional emails that I received prior to purchasing the S10 state that the following regarding the use of the eCertificate: &gt;"" By 4Ôªø/Ôªø4Ôªø/Ôªø1Ôªø9, using your Qualifying Purchase device, follow instructions on the Shop Samsung app (""App"") to submit required info. "" \-It says in the eCertificate email that it expires 06/27/19. I'm not sure which email(s) to believe. \-The galaxy buds have been out of stock for a while with no way to reserve them or put your name down on a list to receive them once they are available again. \-The support experience is bad at best. The online chat takes 20 minutes to get in contact with anyone, trying to get someone on the phone results in talking to a robot that just keeps repeating itself, and once you get someone on the phone they advise to continuously check the website to know when the galaxy buds become available (This was later clarified by the customer service representative; where she told me that I could add the product to my wishlist) \-Emails from Samsung recommend using the eCertificate for the Galaxy Buds on the Shop Samsung app, however, the product seems to be completely taken off the app. &amp;#x200B;",2019-04-02 16:34:31
103,I am using G A50 and i love this phone. But one thing i hate utmost is the fingerprint scanner. Sure it'd an optical one can't be as fast as physical one but what about the reliability ? Like it's not even trying. Even when i cover the entire fingerprint sensor it says cover the sensor and even when my fingers are perfectly fine and clean it just doesn't match. And also why there are only 3 fingerprint registrations. It would have been much betyer if they just dumped fingerprint sensor and gave us a good reliable face unlock than this piece of crap. Hope Samsung fixes this soon in future updates. PS: I already got an update regarding the biometrics one last week but that didn't change anything to my experience and Anyone can help me make it better ?,2019-04-02 19:38:10
104,Just bought a Note 8 and a Dex dock (first gen) and I can't seem to get the dock to function. I'm using the cable that came with it (a Samsung Adaptive fast charger 9v 1.67amps as per the Dex specifications on the help page) and my phone wont even start to charge with it. The dock is powering my keyboard and mouse while plugged in so I can't think of what might be the problem. The phone charges when I plug it directly into the charger. I'm at a loss of what to do. I think the USB-C port where the phone plugs in might be a dud but I want to try everything before I send this back for a refund.,2019-04-02 20:59:14
105,"Why is it so hard to get anything resolved. I keep connecting with overseas call centers where I can barely understand the agent. &amp;#x200B; I had an issue where I was supposed to be receiving an additional 10% off my Galaxy S10 plus order. It was documented several times. All I heard was someone would be getting back to you. &amp;#x200B; It's been over a month now. It's so hard to get a manager on the phone. When I do I am told a different department handles this issue. But, they don't give me a name or direct number. Just tell me to use the same ticket number. &amp;#x200B; Than I have to explain the same story over, and over. &amp;#x200B; I've never had these kind of issues with any other company. &amp;#x200B; I will never be ordering directly from Samsung again.",2019-04-02 21:01:53
106,"I love my Samsung S7 edge and usually it charges super quickly. However, it suddenly stopped fast charging today and now takes 13h44min to charge when the cable is placed at certain angles. I've tried various cords and power sources/adapters, to no avail. I've opened in Safe Mode and I've optimized the battery, deleted useless apps. I've also cleaned the charging pins with a small needle to gently remove all the dust. I'm not sure what else I could do - nothing seems to work. Is there any way I can salvage this?",2019-04-02 21:48:57
109,Does anyone know how to share my screen on my Apple products to my Samsung TV? Is Apple TV really the only option?,2019-04-02 23:09:35
111,I use my left or right one often solo. If I just use my left ear bud I can't turn the volume UP at all. Please add something to fix this... this is really frustrating.,2019-04-03 00:06:58
114,"Welcome to the Daily Tech Support Thread for r/Samsung. Have a question you need answered or looking for advice about which Device you should purchase? Ask! Please remember to adhere to our rules which can be found in the sidebar(s) here, and find some new ones! **Note:** Comments are sorted by new for your convenience. If you do not get a response, try asking in the tech support or the purchase advice section of the r/Samsung Discord.",2019-04-03 01:57:59
116,"I checked this morning they didn't have any in stock but a few minutes ago my spidey senses were tingling. I checked and....... BAM!!! There they were. They aren't expected till April 26th. Hopefully they aren't delayed, I'm not even holding my breath for them to come earlier. If you haven't picked them up yet and planning onto..... Nows your chance.",2019-04-03 02:39:18
119,"Hi, I got myself the S10+ directly from Samsung's online store and in the past 2 weeks I've been noticing that it reboots at random when I'm not using it. Sometimes its on my desk at work or at home, and I'll notice it just rebooting by itself when I'm not even touching it. It reboots on average once a day, usually in the afternoon. Sometimes it never reboots or reboots multiple times in a single day. I was wondering if anyone else is getting this, and if anyone has had this issue in the past with a brand new device. I tried searching for solutions on the internet, but what I have found is mostly posts about the same issue on the Samsung forums with no actual answer from the Samsung support team. I can live with this problem since I've yet to experience the reboot while I'm actively using the device, but it just annoys me as this is a brand new phone (which I haven't dropped) and I love the rest of my experience with it as of writting this. Its the only flaw I found with it yet. Thanks in advance!",2019-04-03 02:50:24
121,"Anyone else having this issue? I've linked the two, unlinked and relinked. Nothing syncs to MFP. I've left it connected for about a week with no success, and just reset the link again this evening.",2019-04-03 04:13:30
122,"hey! so I have a P20 Pro considering to get the galaxy buds due to reviews but I wanted to know if the latency is as jarring as some people say for non-samsung phones and if it's fixable? also, is there noise cancelling? thank you!",2019-04-03 07:01:17
123,"Saw the galaxy buds were finally in stock and tried entering my promo code. Error pops up that the code is not valid anymore. Tried using my Samsung smart TV but the smarthub is not working. Cant even change the source with the remote. Only let's me use tv+/volume, tried controlling with my phone and resetting the tv/resetting smart hub but nothing. Wtf samsung",2019-04-03 07:12:01
126,"[Everywhere]( on the [internet]( all of the news outlets keep [talking]( and [talking]( about [Samsung's big Spotify push]( but it's [literally just the US.]( &amp;#x200B; I always knew that the internet was heavily skewed to a US-centric viewpoint but this is just unbelievable. Not a *single* one of these reporters ever once stopped to ask / check this information. I've spent an unhealthy amount of hours trying to get Bixby to just do what was advertised, so at the very least I can lay this to rest. Hopefully this info will spread enough so [people]( can [stop searching](",2019-04-03 10:11:08
129,Just got an email from Best Buy talking about the new Samsung QLED TVs. Just curious if this is about the time of year when they push out the new models? And where can I go to get their older models that they are wanting to get rid of? Or do they even really do clearance events for Samsung being its one of the higher tiered brands (at least that‚Äôs always been my perception). Thanks in advance!,2019-04-03 11:43:45
134,Will it damage the case/buds? I am using Oneplus 6 dash charger.,2019-04-03 13:55:05
137,I'm stuck between the Samsung Galaxy S9+ and OnePlus 6T as they both have the same price now. I personally have never used a OnePlus device before so bit sceptical about it. I consider myself a heavy user as I do quite a lot of gaming on mobile. Better media consumption experience is also a must have. Camera isn't important to me at all. Also from what I've seen on the internet S9+ has a mediocre battery life but I'd like to hear it from someone who's used both of these devices. PS:- Only the exynos version for S9+ is available where I live.,2019-04-03 16:21:21
144,"hey, i want to buy samsung galaxy watch active from germany but i am affraid they will be in germany... Can i set language on them on english at least? (i. Dont have samsung phone, soo they cant set as connected phone) Sorry for gramma xd. Thanks for help",2019-04-03 19:12:53
145,"I recently switched from iPhone to an S10e and as I'm setting things up I'm wondering how many people address using the native Samsung apps? Just found Samsung music, didn't realize that was a thing. Are most just going full Google services?",2019-04-03 20:19:55
149,"I am due for an upgrade in a month and I have the option between the S10 or XS due to my current financial state. I have been watching countless reviews online and even been doing deep research, but just still stuck if I should hop over from the iOS system or stick with it (currently on 6s plus). Anyone who has made the switch could I get your opinions? Or any loyal Android/Samsung fans.. I just don‚Äôt want to ‚Äúmake a mistake‚Äù and switch without any real purpose.",2019-04-03 20:44:40
151,"Posting on behalf of a friend Samsung had a promotion that if you trade in your S8 (2 models ago), you can get $300 toward any of the new S10‚Äôs. As long as it works, no cracks, etc. Versus getting $150 from the ‚Äúnormal‚Äù trade in. So I‚Äôm like eff it! I‚Äôll order one! May as well get the most for this phone before I really need a new one I followed the instructions to the T on the Samsung app and my order started processing last Thursday. They said they‚Äôll include a return label with the new phone, just do a reset on the old one, throw it in, slap on the new label, send it back within 15 days. No problem. I waited‚Ä¶waited‚Ä¶waited‚Ä¶. Then today I get an email ‚ÄúYour Samsung order has been CANCELLED.‚Äù WTF?!?!?! So I call Samsung and they‚Äôre like ‚ÄúOh your carrier cancelled it. Doesn‚Äôt say why. You need to call Verizon. Sorry, son.‚Äù I call Verizon‚Ä¶person puts me on hold to look up what happened. Comes back and says ‚ÄúOk it looks like the phone was sent to some random store like a Best Buy or Sears, they didn‚Äôt know what to do with it, so they sent it back to Samsung. You need to call Samsung and let them know.‚Äù I call Samsung and tell them. They‚Äôre like ‚ÄúOh how weird. Yeah, we‚Äôve heard of that happening and we don‚Äôt know why.‚Äù Uhhh???? ‚ÄúTry ordering it again. Maybe it was just a mistake.‚Äù I‚Äôm like fine. Let me try it again. I go online, and before I get to the ordering step ‚Äì THE DAMN PROMOTION IS ALREADY OVER! It‚Äôs back to only $150 trade-in value for my phone‚Ä¶ I call Samsung again. I‚Äôm like look, YOU effed up and now this happened. I want the full $300 trade-in value I would have gotten if you didn‚Äôt ship my other phone to some random store. Guy‚Äôs all ‚ÄúI can‚Äôt do anything. Place the order, then call Samsung and see if they‚Äôll do a price match.‚Äù",2019-04-03 21:50:08
152,"Hi, so i've stuck with my good old Samsung S6 Edge and now i'm giving him away and upgrading for myself. So my doubt is as someone who's not really big into phones how big the difference is from S9+ to S10e. I was about to buy S10e but i noticed S9+ + Galaxy Buds are the same price as just S10e, if i get the later i'm still spending that ""extra cash"" on the Buds. I live in Iceland the difference in prince from both should be something like 250$ is it worth?",2019-04-03 21:50:19
153,Does anyone know how poor the performance of the galaxy buds are on bluetooth 4.2 compared to bluetooth 5 I have a samsung S7 with bluetooth 4.2. The call quality is good on my end but my voice sounds muffled to the person I'm talking to. I'm wondering is this because of the slower data tranfer rate of bluetooth 4.2. If I upgrade my phone to an S8 or newer will bluetooth 5 solve the muffled mic problem?,2019-04-03 22:12:17
155,"I finally upgraded from my old S7 to the S10 a few weeks ago. It's been great so far, but I just noticed that they took out the Surround Shot photo mode that I had in the S7. I've heard Facebook has an option to do this, but I'd like to find a way to do it within the phone or another app if possible. Is there an equivalent app that does this? It was really great for hiking trips to capture the full 360 degree view when a single photo just didn't cut it!",2019-04-03 22:24:27
156,My left is connecting but my right one is not i unpaired and paired again. And still nothing from the right.,2019-04-03 22:55:38
157,"I preordered the s10+, and received my ecertificate worth $130 in an email. Does anyone have a list of items that this ecertificate is valid for? It doesnt expire until June so i certainly have some time to decide, however if its applicable Samsung makes some very fast M.2 SSDs. I don't know how their promotion system works and how i would be made aware if a product is or is not applicable with the cert. Is it just their mobile &gt; accessories selection of items?",2019-04-03 22:58:47
158,"I am looking to buy the 42 mm midnight black but I dont know if I want the the [bluetooth version]( or the [4G LTE version.]( With the 4G LTE version, I dont need my phone at all. I could actually leave my phone at the house &amp; just use my watch for the day, probably would want to invest in some earbuds tho. The bad thing is, its $10 more on my phone plan. I also heard the battery dies a lot faster. This is will be the first smart watch I've ever owned, so I was hoping I could get some input from someone that maybe has some experience with both?",2019-04-03 23:01:48
168,"Just a wild idea. We should all make a Samsung photography subreddit. We should keep all the photography in one subreddit and everything else in this. Yes, I know some already exist but it would be nicer if we had one that had this community in it.",2019-04-04 05:47:39
174,"Few days ago I had posted about an update to my Samsung smart wifi - After 3 days of use I realized the following about the ad-blocking feature- 1. Definitely blocks ads on websites but leaves this being - 2. Does not yet block ads on YouTube, although I noticed a few errors on ad playback while using PC. 3. Seems to be blocking ads on a few Android apps. 4. About 10% of Video ads in Android games get playback errors. The above started happening after the update, but could be because of other factors too.",2019-04-04 12:49:54
178,"I was hoping for an easy trade-in with Samsung. I have no flaws on my Galaxy Note 8, I sent it in before the date that they asked. My screen had no issues, no scratches, perfect condition. The phone turns on and runs absolutely fine. The last thing I did before I packed my Note8 up was to take out my SIM card and microSD card and then do a factory re-set. The final screen I saw was when it rebooted after the reset and was ready to start the process from scratch - which I have done before. So what happened? Why are they saying my device was NOT reset?? This is absurd, I have seen people get no credit before for other things but never the ""not factory reset""! Can someone help me or offer advice? I have a week to call them before they charge me and I can have them ship the device back, but **I had a perfect condition Note8 and I want my $550 trade in!!**",2019-04-04 13:58:47
179,"Hello, im using an S7 Edge at the moment and some stuff is updating to the One ui apps and i wanted to know if this was confirmed or something? The apps that updated are Samsung internet, E-mail and Game launcher. If you know something please let me know!",2019-04-04 14:24:57
187,"I bought Samsung Galaxy note 9 (Verizon Version) from [samsung.com]( in US when it came out. I have been using it for 6 month now. I have been using using Verizon Prepaid for that period and I want to switch carrier. &amp;#x200B; When I go to other site to see eligibility for new activation, all AT&amp;T SPRINT T-Mobile site says my device is ineligible. I called the verizon to unlock the phone, but it still says ineligible. Is there anything I do not know about ?",2019-04-04 17:07:44
190,"Why have you stopped me from disabling the most useless button? First of all my phone updated without my consent, now the worlds worst button is back with a vengeance. I don't want to talk to an effing phone assistant. This alone has made me decide to never buy samsung again.....this button was made because samsung hates people......lizard lords the lot of them.",2019-04-04 18:00:50
193,Whhoshh‚Ä¶ Whoosh.. sometimes itll go away for awhile.. Sometimes it makes the a random whose but continues playing.. Other times the whoosh will start pouring in and pause whatever I am listening to.. I can't take it anymore.. Why can't they just add an option to turn this feature off? Any fixes?,2019-04-04 19:09:38
195,"Routines is a Good Lock add in you can download. It's similar to Tasker, or IFTT but designed for Samsung mobiles. &amp;#x200B; For instance I have 3 - Turn on Always on Display while charging. Night mode - set screen brightness to 0%, set notifications/media volumes to zero. And my favourite - Car mode - when connected to cars bluetooth read aloud notifications from Whatsapp, Messenger and Messages and open Spotify. &amp;#x200B; I've tried IFTT and found the interface clunky and un-intuitive but very quickly fallen in love with Routines.",2019-04-04 20:02:08
197,"Now I have been a Samsung Galaxy user since the S4, but I only had the phone and I loved it so much I haven't used any other phone brand since. Fast forward to now I'm like a walking Samsung mobile ad. I have the S10+, the Galaxy Watch, Galaxy Buds, the 10,000Mah portable fast charger, and the wireless fast charger. I have other Samsung products as well and love the company and their products.",2019-04-04 21:16:19
199,"I just took my new Samsung Galaxy S7 to the T-Mobile store to get everything from my iPhone 4 switched over to my new phone. The lady did that and put the SIM card into my Samsung, and that's about it. I can't send text messages for some reason though, even though my Wifi is working fine. I get the message, ""No signal found for mobile networks."" I feel kind of dumb, I'm a millenial so I'd consider myself pretty easily adaptable to technology, but I can't figure out how to fix this. Is there something simple I'm missing?",2019-04-04 21:46:20
201,If i am taking a picture on my Galaxy Phone how long does it take to be synced to my Tab S4 gallery? I feel like sometimes its instant and sometimes it takes hours. Are there any requirements for constant syncing?,2019-04-04 23:54:03
205,"Anyone else have issues with Samsung Health sometimes not tracking steps? Sometimes when I walk my dog I come back with 8000+, other times it'll show 400. I always have my phone in the same pocket in my pants. I've tried clearing cache, reinstalling app, turning off battery optimization, giving all permissions, enabling the persistant notification, to no avail. It's not a huge deal as I consider it more of a novelty than anything, but it would be nice if it worked properly.",2019-04-05 01:12:21
207,"I heard all these positive things about the S10+ battery life and I thought the S10 wouldn't be too far apart since it's 4100mah (S10+) vs 3400mah(S10). Now that I have an S10 I'm a little disappointed w the battery life, anyone else feeling the same?",2019-04-05 02:58:32
210,"Ok, first of all hi. I know here might be the best place to post this but I dont know what to chose between these 2 phones ! Im more interested in the display and battery life and also I dont like changing phones often. If I could get one that gets me 4 years id be happy. How deos s10+ compare with the iphone xs max ? I heard samsung phones lose a lot of stability and power after 1 year and half. Thank you !",2019-04-05 05:35:32
217,"So I had this app installed before but I think I forgot to re install when I wiped my phone storage clean. It was from Samsung and you could customize everything such as notifications tab, lock screen, the colors of the notification tab. And it‚Äôs not galaxy themes.",2019-04-05 14:00:04
219,I got $130 ecertificate work on everything in samsung website. I dont know if I should get watch active or not because that bezel looks a bit weird.,2019-04-05 14:33:54
222,There is an app named **Media storage** in Android OS that stores the database of files and folders in the storage of your device. Did Samsung rename it? It's standard on Android OS.,2019-04-05 15:47:02
223,"This Samsung phone, as well as most others with FCC ID certification from this year, seem to have FCC approval for transmission in the FM band. [ Most phones already include an FM receiver within the cellular communications module, but I've never before seen FM-band transmission capability in a phone. Theoretically, it could be used for both phone-to-phone communications as well as for your car's FM stereo receiver. Are there any rumors out there for what this tech might be used for?",2019-04-05 16:13:16
224,Finally got 9.0 on my Note 8 and I'm very happy with it. There were many UI issues on 8.0 that were making me contemplate leaving Samsung but they are by and large fixed.,2019-04-05 16:24:12
225,"I'm shocked right now. Samsung pushed a new update last night. I woke up to the nice new icons and stuff, cool. This is an S8 btw. I was on reddit when all of a sudden the screen stopped working. ????. The phone seemed fine, but the screen doesn't work. I tried a soft reset (hold down button, then lock button). It reset, came to the password screen, and the screen still didn't work. All of sudden, part of the screen looked pixel-ated. WTF. Then it froze. I tried another soft reset and then the ENTIRE screen had that grey pixel-ated appearance. WTF Samsung. It got stuck in a boot loop for 5 minutes and now it won't turn on. I don't know what to do, I'm furious.",2019-04-05 16:59:28
226,So I got the email a couple weeks ago from Samsung that instead of shipping the galaxy buds to me they sent me the promo code. Now I can't find them anymore on the Samsung website. I really don't want any of the other accessories.. The code expires in May so wondering if they will re add them soon. I saw them on the site last week but did not have the code handy to order.,2019-04-05 17:02:01
227,"Hoi folks, Does anybody know if you can charge the new galaxy buds without the case? or does samsung offer an option to just buy the case? &amp;#x200B; Thanks!",2019-04-05 17:22:30
233,I got my e certificate on Wednesday and have been checking Samsung constantly to see if they were in stock. It let me place the order and got email confirmation. Shipping by 4/26 for the Black ones,2019-04-05 21:55:18
235,"Hi all. I'm new to the Samsung family, having spent the best part of a decade in the Apple infrastructure. I'm trying to set custom message tones from my saved music files but can't find an option. Managed to do it fine for ringtones, just not for notifications. Is there an app that is recommended? I have S10 plus for the record. Thanks in advance.",2019-04-05 22:21:12
242,"Welcome to the Daily Tech Support Thread for r/Samsung. Have a question you need answered or looking for advice about which Device you should purchase? Ask! Please remember to adhere to our rules which can be found in the sidebar(s) here, and find some new ones! **Note:** Comments are sorted by new for your convenience. If you do not get a response, try asking in the tech support or the purchase advice section of the r/Samsung Discord.",2019-04-06 01:57:59
244,"My family wants to get one. Is it worth more compared to regular refrigerators? I was blown away and impressed by the ability to connect to WiFi, and how futuristic it looked. It seemed to be a giant Android device",2019-04-06 02:35:43
246,"After 3 years of using the same phone i've decided to finally get a new one, and i'm looking for samsung phone recommendations!",2019-04-06 03:23:47
247,I used to be part of the apple ecosystem and when I switched over I realized I like Samsung's customizability better what was your reason,2019-04-06 04:16:32
248,"I'm curious for those who have it if the fit features are worth it for someone not 100 % into fitness and mainly just looking for a good watch. Also would I be able to find a face similar to the one on this watch? I'm trying to decide if it is worth it to get the smart watch for the extra features or just get the one I linked. I really love the face and would want to be able to find something similar, thanks in advance.",2019-04-06 04:17:13
249,"I'm curious for those who have it if the fit features are worth it for someone not 100 % into fitness and mainly just looking for a good watch. Also would I be able to find a face similar to the one on this watch? (Link in comments) I'm trying to decide if it is worth it to get the smart watch for the extra features or just get the one I linked. I really love the face and would want to be able to find something similar, thanks in advance.",2019-04-06 04:18:45
252,"So I ordered a Q9FN TV from Samsung.com on March 24th. It‚Äôs the 2018 model and with the newer model out, I thought I‚Äôd be a good opportunity to buy before it goes EOL and they run out. At the time, I was able to buy through the site, sign up for financing and picked my delivery date, which was today, April 5th. Took the day off work to wait for the scheduled delivery and nothing came. Checked the site, still says delivery date: April 5th. Contacted support and only after getting to a supervisor, they told me the TV is backordered. I had to go through support three times, with each tier 1 rep telling me they don‚Äôt know and they‚Äôd have to forward my email to another team. What pisses me off is that from the time I ordered til now, I was never notified at all. No email telling me there was a change, no notification telling me my shipment will not be coming. Everything pointed to a scheduled delivery date of April 5th. Support told me that they will send my case to their ‚Äúconcern‚Äù team, whatever the hell that is. I understand this a 2018 model and it might get sold out. It‚Äôs disappointing a company like Samsung‚Äôs own e-commerce site lets a customer go through the buy-flow and sign up for financing knowing they don‚Äôt have inventory. If I knew it was backordered, I never would have even ordered. I can‚Äôt cancel the order because I signed up for Samsung financing. A line of credit that is useless and will be a hit on my credit if I cancel. Has anyone else experienced backorder issues with Samsung.com? How did it get resolved? If I cancel the order, or if Samsung ends up canceling the order, what will happen with the Samsung financing? I got an email from them saying my finance info will be coming in the mail soon (but they couldn‚Äôt send me a backorder notification?!). I see a lot of people here having preorder problems with their S10s on here. Samsung needs to get their shit together.",2019-04-06 08:39:39
256,"I cleaned up my contacts on my phone (removed old #s, people I don't talk to anymore, etc.). How do I re-sync my contacts so my watch shows the changes? I have searched and searched but cannot find a working answer. Please help!",2019-04-06 13:33:03
257,i installed a pie rom for my note 2. is it possible to use samsung notes on it? &amp;#x200B;,2019-04-06 14:41:58
259,"I want to buy a warranty on my S10+, and I was wondering if Samsung Premium Care is worth the $3 more it costs a month than Squaretrade. Since I'm not in the habit of breaking phones, I'm not sure I need the extra replacements per year.",2019-04-06 14:53:42
260,I was kicking myself for not ordering these in the first go-around but it looks like they're back in stock. Unfortunately it looks like they only have black in stock at the moment. I placed my order before letting you all know :) It looks like their 25% off promo runs until 04/11/19 so my total was $102.50 after tax.,2019-04-06 15:42:57
266,When I attempt to manually update my phone it says that the software is up to date when it isn't. How do I get my phone to update to Android 9?,2019-04-06 18:44:19
268,"My current go to Bluetooth headphones are the Bose Soundsport. I have owned them for over two years with zero issues and find them comfortable, reliable and good sounding. As part of my new S10, Samsung shipped me a free pair of Galaxy Buds. I am looking for advice on whether to open and try the buds or just sell them and keep using my Soundsports. Does anyone know how they compare, and which set would you all use as your dailies.",2019-04-06 21:34:40
272,"I absolutely HATE the new April update for the Note 8. Everything about it is horrible &amp; I didn't even ask for it. SAMSUNG FIX THIS, GO BACK !",2019-04-06 22:39:22
276,"I am trying to trouble shoot my parents living room set up. They have a 65 inch led samsung tv. And a samsung soundbar. They have been using sling tv via a roku for tv. First problem I have read is mostly because of Roku but the sound does not sync very well. I have read this is a roku thing and my step dad tends to leave the tv on all day and I know streaming tv can go out of snyc, but even when its off for a bit or reset it seems to be out of sync through just the tv speakers. The samsung tv has a slider that can adjust the audio if it is out of sync but that doesn't do anything. (first time I have ever seen that feature on a tv) For the sound bar when its in 'tv' mode the sound bar seems to wirelessly link with the tv for audio even when I shut off bluetooth on the sound bar. I thought having a direct plug via the pass through on the tv hdmi would solve the audio trouble but no luck. If this is mostly the roku not syncing well I am thinking of getting their amazon echo cube from downstairs to try. But wanted to check if audio sync trouble is common samsung tvs? I also have sling via roku and never had any sync problems at my house.",2019-04-06 23:41:36
280,"###Hello, r/Samsung, and welcome to the ""Shot on Samsung"" megathread. Got a photo you really want to share that you took on your samsung phone? Share it here! ----- **Rules** 1. Please use a reputable image host like [imgur.com]( 2. No NSFW posts. 3. Directly linked images only (albums are acceptable). -----",2019-04-07 00:15:54
286,"I have just experienced this and using the power of the internet others have as well. When I paired my Galaxy Buds the left one was marked as disconnected, no biggie, maybe it needs to charge, (although the right one was 100%) I let it charge and no matter what I do the left one is still disconnected. Samsung can't figure out what's wrong and everybody who's had this problem hasn't had it solved and are just receiving new ones from Samsung. Reddit, you can try troubleshooting this problem or if you encounter it don't bother and just get a new one from Samsung ASAP.",2019-04-07 05:23:28
287,"We need to think strategically about what kind of place we want the Samsung subreddit to be. Over the past few days an overload of low effort pictures of the S10, buds etc have become the only thing the sub has to offer. In the beginning these were phenomenal and exciting. But of course not only do they become annoying, they drown out intelligent discussion and other people's posts never see the light of day. Additionally, I can see that people are not posting their pictures in the picture thread. I get it. They want greater visbility - - but the issue is no one gets visibility if everyone posts on the main thread. This is why photo threads are useful, to curate and highlight photos. Samsung is a crazy large company. It doesn't make sense that a Samsung subreddit only has photography posts and photos of your cellphones. There so many other things that this company does. What do guys think? I like to see the Apple sub as good example of technology discussion on Reddit. I think we should strive towards something similar and I believe we can get just as big. Mods are not being able to keep up with all the photography posts being submitted . The sub is growing rapidly and frankly too much content to moderate. My hope is that we make the effort to post high quality content and we follow subreddit rules of posting-- those rules may seem lame but they ultimately help the visibility of our posts",2019-04-07 05:27:39
291,Not sure if it would charge things faster or if its just a bad idea to use it on it. Just got the 2018 Samsung fixed charging stand that comes with a fast charger and cable but it seems quite a bit slower than the one that came with the S10. I'm new to this whole wireless charging thing so feel free to correct me if I'm wrong about my expectations.,2019-04-07 06:07:15
294,"I'm planning on getting an S10+ and Samsung buds in a week or two. Right now on my S8+ I've been using cheap ($50) wireless earbuds, similar design to the buds. They dont support any of the more advanced bluetooth options so they have a noticable delay. Do the Samsung buds have a noticable delay?",2019-04-07 07:04:31
295,"Just got a Samsung galaxy s10, switching from the apple ecosystem, I'm wanting to get the galaxy buds, are they able to be used for working out? Are they sweat proof? And how is the sound quality and bass on them?? These are the main things I'm wondering. I'm also wondering if noise gets leaked out while wearing them?",2019-04-07 07:28:56
299,I went to the samsung store and the downloaded and open button was grayed out.,2019-04-07 10:22:49
301,"My bixby card setting for samsung internet and contacts are greyed out saying ""turn on customization service to use"". How do i turn on customization service to use these cards? Any help appreciated.",2019-04-07 13:47:53
303,I just encountered a problem in my phone with boot loops. After trying some i found that the problem was in my empty battery exchanging it helped but battery is not charging screens brightens up the loop only continued with charger plugged in charging battery in other device works fine i just wanted to know if its mechanical false or maybe cause of rigged software(got update that night) mobile responds when charger is connected but does not charge,2019-04-07 14:02:31
304,I'm looking to wireless charge all 3 devices on one stand. I've seen a ton of similar devices for Apple products but not a ton for Samsung. Does anyone have an recommendations for a stand like this? It will sit on my nightstand for overnight charging so at best I only need fast charging on the phone.,2019-04-07 14:07:05
306,Hey Today My samsung J8 restarted itself and when I turned it back on messenger was gone. Then I realized that the caller couldn't hear me nor could I hear them ( same with messenger voice calls) I can't watch YouTube too I do hear system sounds ( notification from messanger text) but there is clearly an issue with phone. I have no idea what to do :( Sorry for my English!,2019-04-07 14:29:15
307,"I have the Galaxy s9 and Samsung Pay, Secret folder, and Health do not open because they say that my phone is rooted. I habe used multiple apps that say they can unroot my phone but they all say my phone isnt rooted at all. Help please",2019-04-07 15:27:51
310,[Link]( Galaxy Fold hands-on will be available.,2019-04-07 16:28:42
311,"I recently got 4 new s10 plus devices during the preorder period. I submitted all of them for the galaxy bud deal, but they ran out for 3 of the 4. So now I got the email for 3 130$ certificates, and was wondering if anyone has been able to stack them into one account. Is this possible or will I have to use them on each account for 130$ each. I would like to try and stack the 3 onto my account so I can make a bigger purchase such as the galaxy watch.",2019-04-07 16:39:34
315,I don't really...see the point yet? I'm sure I'm missing something but still.,2019-04-07 19:08:13
318,"So in February I've upgraded to Android 9 but it was draining my battery so I did a factory reset, which solved the issue. (Still I had better battery life on Oreo) Since then I'm stuck on the January first security update. I actually know there is already March security update available and the one for April will start rolling out soon. My Note 9 is sim free, I bought it and I live in Hungary but the phone was made for the Malaysian market. The Pie update came when it was released in Malaysia, before the factory reset I was connected to the Malaysian support and wasn't eligible for the Hungarian Samsung members coupons, now I am, but as the title says no updates since then. So it's a pretty odd situation. Anyone know if there's a workaround? I did try to connect it to the PC and start smart switch, it should have pop up the updates, but it said my phone has the latest update. Also if anyone is from Malaysia, what's the latest security update available there?",2019-04-07 21:29:50
320,"I want to buy it SOOOOOOO bad. I was going to get it as a birthday present to myself. B&amp;H had April14t as the date so it near perfect (my birthday is the 8th). I went to order it and they had pushed it back to may. Samsung still does not have their pre-order page, neither does amazon. Please, for the love of all that is good, give us a hint! You can call it a birthday present...",2019-04-07 22:28:31
324,I've seen a few posts here and there about the Samsung clear cases. Are they any good? I've been sticking with otterbox since the S6.,2019-04-07 23:57:55
325,"Sorry if I‚Äôm not clear, English isn‚Äôt my first language",2019-04-08 00:02:49
326,"What do you like and/or dislike about the native apps that come on the Galaxy smartphones? Bixby, Samsung Pay, Samsung Kids, VR Launcher, etc.",2019-04-08 00:12:41
330,"It‚Äôs probably some really easy solution, but I cannot figure it out.",2019-04-08 01:30:36
338,"So I originally used Textra, but I just ordered the Galaxy Active watch with the $130 credit I got from preordering the S10, so I am trying to get used to the default messaging app... and it's horrid in my opinion. As far as I can tell, there's no customization (besides it changing while being in night mode), its so laggy whenever I select someone from the messages list, and takes forever to open up the conversation. On top of that, It doesn't show the message I just sent until after at least 10 seconds (aka, instead of the little circle that shows it's sending, it just shows nothing). Restarting doesn't help either. So my questions are if anyone else has these issues, or if I can fix them somehow. Also, what should I have the group conversations on? Under Multimedia messages, it has the option of ""Send messages as group conversations by default."" It's a little vague, and i'm not sure if turning this on or off will make group chats work better. Any help for these is appreciated, thank you!",2019-04-08 02:45:01
339,"First post here, my bad if it's not allowed. So, I need a bit of help. I have a nearly two year old Samsung S6, that I mostly use to play games in emulators. I crank the graphics to every game I have as highest as possible, and as a result it heats up A LOT. Especially around the corners. It doesn't help that I live on a tropical country, it's summer, and I mostly use it outside during commutes. I'm a bit worried about it suddenly exploding in my face, but I'd like to keep using it, so I'm looking into finding and buying a case, but all I see so far are shock proof cases or ultra-thin case (weird, that second one). Does anyone have a suggestion for a case? Something that can dissipate the heat or something, doesn't need to be cheap too. I'm open to just stop using it for playing specifically btw, if you think it isn't worth to keep it up.",2019-04-08 03:19:58
340,The question is in the title. I just had to add a body so that I don't get it removed by the stupid AutoModerator.,2019-04-08 04:04:57
342,"Hi guys, so I'm recently looking at this phone and I thought i'd take your opinion in this subreddit. I'm a mid-range phones kinda guy, I'm not ready to spend 1k$ on a phone. Latest Samsung I used however was Galaxy S4 a long time ago. &amp;#x200B; I am currently using Xiaomi Redmi Note 5 and honestly it's pretty great and fast. However, what I like the most about the A5 2019 is that amazing OLED Samsung screen (Which my current phone lacks). However I am worried that the One UI might be a bit hard to handle by A5 2019's processor which might lead to lag and not a smooth experience. I also heart that speaker in the phone is very bad. &amp;#x200B; What are your thoughts? Anyone tried the phone and could give some feedback? Thanks!",2019-04-08 04:41:34
358,"I wanna buy tab s4 to use it for light school work (reading and making notes) some photo editing and drawing and few other things.. The most important one is c++ developing (I'm planning to do lighter tasks for school mostly - since I can't do anything advance really on 10.5"" display but it will be good size for practice) The question I have is there a good c++ ide for dex? I've seen ""AIDE"" app on samsung dex website but I can't find what it is about? So can somebody possible download the app and ss it to me? Or ss the description of the app if possible? I know that there is descent c++ ides for android but non of them support freopen function that allows me to read input from the file and that's something I really need..",2019-04-08 12:57:39
361,"I haven't found anyone with the same experience, but I recently got Samsung Buds and can't wear them for more than 20 minutes. I've tried every combo or ear and wing tips. Anyone else have this issue and figure it out? I want to like them, but I may have to return them if I can't use them for extended time.",2019-04-08 13:46:20
363,"I bought them from a retailer on 7th through a partner, sent them my email, received a email saying: check your order details and that it might take a few weeks. If anyone experienced something like this, please help me because I am getting really nervous slowly. Thanks. If they atleast added it on my samsung account, but no not even that. I am not sure if I will ever get them at this point.",2019-04-08 13:51:33
368,"Does Samsung offer replacement individual (Galaxy) buds? With my Gear Icon X 2018, my dog decided it was a good idea to nab my left bud and to my knowledge, I can't get a replacement left bud from Samsung for the icon x.",2019-04-08 15:13:35
369,"I recently bought the samsung A50 and I noticed that the colors are different (white color is the most noticeable) from other phones (their sertings is neither on the cool nor the warm settings). The ""white"" in my phone has a yellow shade. I checked the display and it is on adaptive. It is between the cool and warm settings. I'm not a techy guy and I wanna know if there's something I can do to improve the display. Thanks",2019-04-08 15:31:30
372,"It is intrusive and gives users no option. I updated my s8 and now I am stuck with this bixby bitch. I hate her so much and it took away my ability to disable the app AND remap the bullshit boxby button. Way to go Samsung, you made me hate you.",2019-04-08 16:19:07
373,"Hi i have a samsung A8 &amp;#x200B; It doesnt auto update the newest version (the android 9 pie update) &amp;#x200B; manual updating also doesnt work &amp;#x200B; i get greeted by the message ""you phone is currently havaing the latest version"" which clearly it has not &amp;#x200B; Ive used my wifi and data (Iran IP) and also vpns",2019-04-08 16:25:40
375,My returned Galaxy S10e arrived to Samsung last Thursday 4/04. How long did it take you to get your refund? Customer service says 10-14 BUSINESS DAYS???,2019-04-08 16:37:21
386,"So just recently ordered a Tab S4 and keyboard for $550(no tax), I've been testing Dex with my S9 in the meantime. &amp;#x200B; I notice that apps are basically useless, unless it's a video app. It's almost always easier to just use Samsung browser instead. Reddit,banking,ebay,etc,, all seem to work better in the browser. Most apps are not good blown up and look stretched. &amp;#x200B; I still bought it for the amoled screen,great battery life and size. Laptops usually last about 5-8 hours, with this being rated at 16 hours. I owned a chromebook before and was okay, but too limiting even with android apps. This seems like a good device for me, as I won't be doing anything intensive and mostly web/video/games. For same usage as my chromebook, the S4 gives me way better battery life and better screen. &amp;#x200B; For anyone looking at S5e, might be better buying Tab S4 for headphone jack,better cpu/gpu, and S pen. They're on ebay for around $400-$500 for tablet only. With keyboard I've seen some from $550-$600.",2019-04-08 20:59:13
389,As you may know the NU7125 series from Samsung lacks a jack 3.5 port and doesn't have bluetooth. If a buy an optical to jack 3.5 adapter could I use a jack to bluetooth adapter to listen through headphones?,2019-04-08 21:51:57
390,"I've had the Earbuds for about a month now, and without fail, after running for a little over a mile, the music pauses. I have to resume playing from my phone and can no longer use the touch pads on the earbuds. Within seconds of stopping running, I hear the sound that indicates they're back in my ears and can use the touch controls again. It's only when running - I can wear them around the house or for walks without issue. I thought at first it was temperature related - I was running in 30 degree (F) weather, but it happened again today and it was 55 degrees. Anyone else experience this? Any recommended fixes?",2019-04-08 23:43:36
391,1. Go to your Secure Folder (the one that requires biometric data or password to unlock) and uninstall Samsung Browser. 2. Also uninstall Samsung Browser from your phone like you would normally do. Download the previous version. Link: Install and enjoy.,2019-04-09 01:42:40
394,"###Welcome to Wallpaper Tuesday, r/Samsung! Wallpaper Tuesday is a day where users can share their favorite wallpaper's and/or find new ones themselves! Please remember to respect the rules below, and to upload the highest quality version of a wallpaper you can find. ----- **Rules** 1. Please use a reputable image host like [imgur.com]( 2. No NSFW posts. 3. Directly linked images only (albums are acceptable). ----- This thread will remain stickied for 24 hours. At that time, the thread will remain active, and an archives link will be posted in the sidebar for easy access. You may also find [archives here](",2019-04-09 02:11:09
396,"My apologies for the bad title. but I am unsure how to describe this question ins short form. Recently I upgraded from a Samsung J3 2016 (or so) to a J3 Achieve (2018?). Texting on the new phone is a little weird. Any text over a certain character limit gets turned from an SMS to an MMS. In addition, the phone said that the MMS will be send the next time I am connected to phone data. Although I was connected to WIFI, it only seemed to send when turning the data on. Now I did find a option that automatically makes text into group conversations and turned it off. Doesn't seem to be doing much. In the end, ideally, I would like to be able to just write my whole text as an SMS and send it. Is this possible at all? Do I just need to break my SMS up into segments? And when I do want to send an MMS, either with pictures or to a group, can I do so over WIFI or to I have to use the data? Any advice on this silliness? Lastly, if this is not the right sub for this kind of question, my apologies. It seemed fitting at a glance.",2019-04-09 03:44:06
397,"No longer get notifications for texts, no vibrate, no sound. Just shows up when I open the app. Checked notification settings and it's not that either.",2019-04-09 03:59:13
398,"I have an S10e that supposedly has the lower end of the battery capacity (3100 mah). However, I go ham on the battery and do partial wireless and wired charges over the day. I play Youtube videos in the background as audio for 3-5 hours a day without charging and online games that keep the SOT going. I'm surprised with all the usage I have I end the day with 30-40% capacity left from a full charge. I am genuinely impressed by how long the battery lasts. I hope the battery maintains this same sort of resilience a year or two from now, as that's when you get to see how much these companies put into the quality of their batteries when they hit those particular milestones in their lifespan. I don't know what kind of black magic the power management software does in Android Pie, or the included Samsung ""bloatware"", but I'm not used to this kind of battery resilience coming from a former HTC fanboy standpoint.",2019-04-09 05:11:04
399,"Before the update I could open as many Google searches as I liked, but now I can't anymore without closing the previous search. Is there any fix? (I don't know how to phrase this any other way, so just ask me if you don't understand so we can be clueless together) And I don't like to use Chrome nor Samsung Internet, as I am a creature of habit.",2019-04-09 05:23:26
406,I'm looking to get the Samsung A50. Can anyone that has this phone tell me if it comes with a pre-applied screen protector? I'm not sure if I should get one when buying the phone. Thanks in advance!,2019-04-09 13:18:12
407,"Hello everyone! It would be awesome if you could fill out a short anonymous survey about how r/samsung is running. # The link is: [ The form is not long, it only takes about 30 seconds \~ 1 minute to fill out. Survey results are private and will only be used as reference. &amp;#x200B; Please fill out this survey so that we can take in any complaints and suggestions users have and make r/samsung a better place. &amp;#x200B; \[The survey will take place between 2019/04/09 and 2019/04/23, time may be adjusted\]",2019-04-09 14:32:14
410,"Hey there, I've recorded an interview on the stock voice recorder on my Galaxy S9. After the interview I listened to the file and the audio stops at minute 1:26, even thought the sound waves appear on the screen. Any help?",2019-04-09 16:36:34
411,I recently got the galaxy buds and I was wondering if it is bad for me to leave them on the Samsung 2018 QI wireless charging stand overnight. I know that that charger has a feature where it will stop charging your phone at 95% to protect its battery; does the same thing apply to the galaxy buds? Thank you.,2019-04-09 16:49:25
413,"I feel that the app drawer setup is more comfortable, but the home apps screen setup looks like an iPhone mode.",2019-04-09 17:33:43
414,I have tried so many gcam mods and regular mods for my phones but no luck . i actually got one just working plain no night sight nothing but i need night sight. Please help me.,2019-04-09 17:38:26
415,"In a bit of a crisis... I love taking selfies I take one every day almost. I've been with Samsung for so long but I'm really starting to get discouraged with the selfie camera and all the smoothing it does to my face.. I'm thinking of getting s10 or the iPhone XS. All the apps I love are on android but the camera is a huge thing for me. Since I'm in Europe, I will be getting the exynos version so no gcam for me.. any advice on how to tackle this?",2019-04-09 17:43:27
416,No long able to fully disable Bixby (thanks samsung). Only option I can find is to set Bixby to only open when pressing Bixby key twice. How can I fully disable bixby?,2019-04-09 18:15:16
417,what screen protector should i get for my samsung galaxy s10+? i scratched the shit of the current one. and i need one as soon as possible,2019-04-09 19:28:59
419,"I'm getting more into the Samsung ecosystem with the Galaxy Watch and Buds and I've noticed that support for Samsung apps is (obviously) prioritized as far as notifications on the those devices. Any major difference that I'll lose/gain swapping over to Samsung messages vs. using Google messages, other than the obvious UI differences? Is it even worth switching back to the stock sms app?",2019-04-09 20:53:43
421,"So I got my buds about a month ago and suddenly the right bud just started having a volume issue, it sounds like it only plays at half volume while the left is still at max. I already talked to Samsung and they are going to send me a new pair (good on them) but, I wanted to know if it's happening to anybody else??",2019-04-09 23:30:51
422,"Hey recently ive been noticing my galaxy buds have been having trouble with the touch response pad. Especially the left one. Ive noticed when using them there, most of the time is hard lag between the touch and the sound response it gives back notifying you that it recieved your command. Also when it does recieve there is a short moment of static sound sometimes interupting part of the indication sound as well before starting the audio back up again. Im almost worried that the touch pads shouldnt be used as often or too much. That ridiculous though following the fact that im paying 130 for what samsung claims to be top notch earbuds so shouldnt they be able to withstand plenty of touches. Thoughts? (This also goes for when im using the double or triple tap features as well)",2019-04-09 23:33:00
423,"Just did the update for my Note 8 this morning. Task manager now operates vertically when I prefer to swipe horizontally to close apps. Bixby button can no longer be turned off via Bixby settings. The status bar clock is now aligned to the left instead of the right along with the wifi and battery. I keep thinking I have a pending notification and want that space clear. I can no longer make the apps on my home screen ""frameless"" whereas I previously could. I hate seeing logos such as the green spotify circle shrunk down into a gray box. Does Samsung ever listen to complaints like these or are we at their mercy?",2019-04-10 00:26:53
427,"After the ONE UI update, I was resetting my cache on my note 9. After doing that, there's just been random ""soft"" restarts where the phone turns off but there's no samsung boot logo or anything like a normal restart except it requires me to ""enter my password after restart"". Does anyone else have this problem or know how to fix it? Also is there a way to keep my notifications on my note 9 after I restart it? Everything disappears if my phone runs out of batteries or if I have those random soft restarts. Any settings to change this?",2019-04-10 02:12:13
435,"I tried to mount my Samsung TV QLED Q9FN because I‚Äôm getting Samsung Dolby Atmos N950 and unfortunately the soundbar is too thick and the tv stand is so low to my tv stand that I have to mount it. Anyway, I tried to screw it in and the screw broke inside the tv. I guess it was the wrong screw. How can I get it out without messing my tv? I can‚Äôt seem to find any solutions on YouTube or anywhere and I really don‚Äôt want to leave the sound bar on the floor",2019-04-10 08:29:28
442,"But i have a samsung a5 , had it for about 2 or 3 years. All apps closed, fixed phone performance, and battery length in the settings, but my phone still managed to drop from 100 to 70 over night. Any way i can fix this?",2019-04-10 10:55:16
444,"After upgrading my Note8 to Android 9 Pie, I discovered that no form of HD audio is available with Samsung Level On Pro headphones. From the few discussions I have found, there is no HD codec that works with any Bluetooth headphones in Pie. Manually selecting other codecs in developer options does not work, and the Samsung HD codec has been removed entirely.",2019-04-10 11:17:49
446,"Hey guys, so I finally decided to post here after spending an embarrassing amount of time trying to fix my problem and getting nowhere. I have an Samsung galaxy s6 edge that gets stuck on the loading screen when booting, and won't go into recovery mode (download mode works fine). I have tried to flash the original firmware using Odin with no success...it keeps getting stuck on the ""Initialization"" step. Some times after waiting a very long time it gives the error message can't open the serial (com) port, but as i mentioned odin does detect my phone.I've tried 3 different cables, 2 different laptops with 5 usb ports in total, 3 different versions of Odin (3.07, 3.09, 3.10) all to no avail. I have downloaded the Samsung Mobile Drivers and my computer does recognize the device (though it thinks its a modem and not a phone). I'd appreciate some assistance in reviving my device, thanks!",2019-04-10 12:10:04
454,"Went for buds over AirPods after quite a bit of research, and I‚Äôm really happy with them. Was especially impressed today as I had one in my ear, underneath a beanie, and was still able to make a phone call where the other person could hear me perfectly. Very cool.",2019-04-10 14:58:22
456,"So one of the things that are currently broken right now for me in the new UI update is switching keyboards. I have the switch keyboards via navbar button enabled but I use gestures instead, since I'm fairly big on how nice my phone looks. Once I switch to Samsung's keyboards, I can't switch back to Google's. I use Google KB for English and Samsung Neural Beta for Korean. Anyone know a fix for this?",2019-04-10 17:24:15
459,"I somehow received a $10 amazon gift card on samsung pay's app, how do I apply it to an amazon purchase? I have the code but when I use it on amazon's gift card/promotion code tab it says it ""has already been applied to your account"" but never took anything off of the order amount in checkout. will the card only work at amazon stores?",2019-04-10 19:12:28
461,"One feature that I used to like about the Galaxy S6 is that whenever you've applied a theme and go to the music player, the whole background and aesthetic changes to go along with that theme. Does anyone else remember that? Granted, it only worked on some themes, but I liked it, and I thought it gave the themes and music player a more appealing visual touch. But since the Marshmallow update, that feature seemed to be gone entirely. Why would they removed that?",2019-04-10 20:17:25
463,Looking for a cheaper alternative to Samsung DeX or just a way to use keyboard and mouse on my s10. I would rather just be able to get an external keyboard and mouse to use o my phone,2019-04-10 21:18:24
466,"So I have been using Samsung since the note edge and every note since then till now the note 8 from 2017, waiting for the release of the note 10. I bought the extended warranty with the phone because the sales told me that their new warranty will be able to cover the cost of replacing my screen if I dropped the phone and cracked it and etc. it sounded like a really good deal to me, so I got it. Since the day I got the phone, I realize that there was a really small black half circle on the right side screen, but I always thought it was a problem with the app that I was using or some sort of software issue and didn't bother about it because it was so small. Recently I came across a post and some youtube videos about other users majority of them are note 8 specifically having the same issue and they say it is a hardware issue (defect) of dead pixels and they were able to send it to Samsung to replace or fix it. So I contacted the online support about this, then they told me to contact the service center and then told me to call the service line. but I wanted to be sure so I went into a service center in person to ask about this. Arriving at the service center no one came and ask for help even though it was empty and there were at least five or six people standing around. so I went to the desk and asked what could be the problem and how I can get it fixed and how much it would cost (expected zero or at most $50 due to the warranty). The two people that were at the table had a very disrespectful attitude the entire time. They took the phone and saw the cracks on my screen and said it is a hardware issue but it is not the phone's problem it is because I dropped it. although I explained it has been there since the beginning but they didn't believe me and just kept repeating that it is 100% my problem and they will not be able to fix it for free. So I asked how much will it cost and what it will replace or fix. they said anything that causes the problem will be replaced and it'll cost $130 and then tax, but they cannot fix it today I will have to call and get a service number and then come back. But $130 is a lot of money for this small problem, and I don't think it is worth it since we are just 4 months away from the note 10 release. Now I understand that it is the procedure that in order to get my phone fixed I have to call and get a number and then come back and fix the phone, but it is their attitude that gets me mad. and I just want to know that what does the warranty even cover, if it cannot replace a screen, cannot fix a defect and it charges such a high price for fixing. What was the $200 warranty I paid for even for? And why do salespeople say things that are not true in order to sell the warranty? I like Samsung and I don't think I will switch to any other phones, but I just never had such a bad experience on warranties and bad attitude salesmen. I also don't think I will ever spend money on Samsung's warranty if they are not able to fix anything they promise. (I agree maybe it is my problem that I didn't check online to see what the warranty covers, but it is rare for someone to go buy a phone and on the spot to do research on products such as the warranty) &amp;#x200B; TL;DR Bought warranty, cannot get the problem fixed for free or within the expected range. Had super bad attitude service. Probably won't buy the warranty coz it doesn't cover anything that's important I guess (just personal experience please no bashing)",2019-04-10 22:12:19
467,"is there anyone who tried to activate galaxy s10 t-mobile version on sprint network. I know carrier sim card flashes carrier firmware on galaxy nowadays, but it does not mean it will be activated in that network. I tried to activate verizon galaxy note 9 on sprint, but it cannot be activated. It is not matter with unlocked, firmware, compatibility. It is probably because of IMEI not in sprint system to recognize it. I tried every channel to add in imei to their network, but they cannot do it. I think Samsung does not provide imei's for other carrier to different carriers to prevent people buying and switching carrier. &amp;#x200B; I tried s10 verizon version on AT&amp;T network, but it won't work either. Have anyone successfully activate t-mobile galaxy s10 on sprint ?",2019-04-10 22:47:10
468,I currently own a Tab S3 and am considering purchasing a Note 8 and am wondering about samsung's active stylus compatibility. Will the s-pen from the Note 8 work with my Tab S3? With the s-pen from the Tab S3 work with the Note 8?,2019-04-10 22:49:44
480,"I ordered Galaxy Buds last month from Samsung and used my accumulated Samsung rewards toward the purchase. Due to the buds (and terrible, terrible, shockingly bad customer service) being defective, I was forced to send them back. Once (if? I'm honestly worried about their competency on this) I get my refund, would I also get the 10 bucks in rewards back to my account?",2019-04-11 04:23:41
490,"Hi there, &amp;#x200B; I'm thinking of buying the Samsung Galaxy Buds for my phone but I also want to use them for some other devices. My question is. How many devices can de buds pair with? (Not connect at the same time, but just pairing). I really don't want to repair my device every time I'm going to switch from device (5 times a day at least) &amp;#x200B; Hope to hear, Kind regards",2019-04-11 10:04:26
499,"i own a samsung g530 for 3,5 years now, pictures where always OK. Recently the quality got worse and pictures have alot of noise (colored dots) even with good illumination &amp;#x200B; can anyone shed a light on this for what could be causing it, and if there is a fix? &amp;#x200B; &amp;#x200B; thanks a lot",2019-04-11 15:31:26
