,timestamp,body,neg,neu,pos,compound
0,2018-10-31 16:32:24,['Planning to buy Galaxy S8. How is the Samsung Experience with Oreo? Is it buttery and stable?'],0.0,1.0,0.0,0.0
1,2018-10-31 18:03:31,"[""Where's that story now, that woman who claimed her Samsung blew up and sued Samsung. Wanting all Note 9s banned Anybody still following up on it?""]",0.107,0.893,0.0,-0.4588
2,2018-11-01 03:12:15,"[""Given the reputation that Samsung devices lag after a while, how did your S9+ hold up for like 6+ months? Any change in performance? I know it's way too early to talk about the long term performance of the Note 9, but how do you guys feel about it? How's the battery holding up? Most of the battery tests only show the battery life when set to 1080p. I'd like to know how they fare when they're set to 1440p. I watch a lot of videos on YouTube and also probably game for an hour or so, so how long the battery of these devices last? I just want to know if spending a 1000 bucks is required given that I get 90% of that experience at a much lesser price. Currently, I live in the United States. TIA""]",0.012,0.907,0.081,0.8559
3,2018-11-01 10:35:21,"[""Hi r/samsung, I hope Samsung is reading this subreddit, because it's been 3 weeks I have the C27HG70 monitor and under 120 Hz there is terrible overshoot due to the excessive overdrive. It's pretty visible using Freesync and it is unusable. I've tried to decompile the firmware but without any success, I study electronics and informatic in an engineering school so knowing the microcontroller or the FPGA used as a scaler in the monitor could help me a lot, because if Samsung doesn't release a firmware where the overdrive can be disabled entierly, I don't see any other option than doing it myself. If someone found a way to fix that I take it with pleasure ! And if not, please Samsung read this subreddit and let us disable the overdrive. PS : the C24FG70 has this issue too &amp;#x200B;""]",0.06,0.85,0.091,0.6654
4,2018-11-01 13:34:45,"[""My phone died last night so when I've tried charging it today it gets to the Samsung logo and just glows repeatedly. It has stayed on this screen for about an hour and just gets extremely hot, I've since drained the battery to prevent any damage. &amp;#x200B; I cannot get into safe mode nor the android recovery mode. I can only get into the download custom OS screen. Any suggestions?""]",0.154,0.831,0.015,-0.8911
5,2018-11-01 17:39:08,"[""I'm pretty new to samsung devices(well, returning to them after 7 years of iphones) and I would like to get a second charger for my s9. Where would be the best place to find a charger that is made by samsung, rather than buying one from some other company?""]",0.0,0.809,0.191,0.872
6,2018-11-01 17:43:37,"[""I have a Samsung Galaxy Tab S. It's approximately three years old, and never given me a problem. Last night, I am using it to watch about 90 minutes of streaming video on YouTube TV..and then maybe another wenty minutes on YouTube. I stop doing that, and decide to enter text into the desktop Google search box, and the screen goes black. Power button won't bring it back up. (Is that because it's still on and I can't see it?) Power was still @ 21% remaining. Hmmmm. So I plug it into the charger, click the power button, and it comes right up. I take it off the charger, click on an icon...slight pause...and then black. I do a complete factory reset. Start it up, click on an icon...black. So I charge it overnight up to 100%. Started it up today, all normal. Had to reload all the apps, all normal. What is (or was) the problem and how can I avoid this? This is the first such episode. TY!""]",0.027,0.942,0.032,0.1945
7,2018-11-01 18:29:01,"[""So if you're familiar with Whatsapp, in the setting you can choose auto download or manually do it for all things such as pictures, Audio clips etc. I have it set on manual. Is there a way that downloaded picture can automatically be saved on my microsd card without me having to move it thru my files? Ltdr - can I save pictures on microsd card automatically?""]",0.0,0.906,0.094,0.7476
8,2018-11-01 21:41:22,"[""Hi! I suddenly found my volume buttons hard to press. Then they've become stuck a but deeper into the phone. It's annoying because I cant adjust the volume normally, and it's bothering that it doesnt have the press-y feel anymore. Are there any remedies I can do myself? What would Samsung most likely do if I take it to the service center? Im worried something so seemingly trivial will turn out to be expensive and inconvenient (if I have to leave my phone for repair for weeks). Thanks!""]",0.206,0.794,0.0,-0.9447
9,2018-11-01 21:55:23,"['I am having an issue when the display shows primarily a dark scene, the brightness is drastically lowered and then as the next scene has light in it the brightness goes back to normal. and this is very ANNOYING!! i have tried disabling all the Eco settings and such. i have been through different settings to no avail. i have even tried enabling the ""Ambient Light Detection"" and increasing the minimum backlight level. seems to me that many more people have the same problem with this ""feature"" and no word from samsung on it yet.. anyone knows a possible fix??']",0.151,0.801,0.048,-0.8798
10,2018-11-01 22:45:31,"[""I remember the good old days when all you had to do was click and drag the file.. well nowadays its not so easy. I connect my phone to my mac via usb cable and its not showing up on my mac,.I've downloaded several apps but they all require me to pay for the app. I'm able to send files via bluetooth but it way to long and isn't a practical way to send my songs. Someone please help me.""]",0.059,0.825,0.116,0.7128
11,2018-11-02 02:48:21,['Just wondering. As a owner of both I want to see others perspectives on this!'],0.0,0.883,0.117,0.1511
12,2018-11-02 08:19:11,"['Which one is better? The QE75Q6FN is QLED and seems to be superior or equal in every regard, but the price is currently significantly lower than the UE75NU8000 at my retailer. Whats the catch????']",0.072,0.796,0.132,0.3313
13,2018-11-02 15:21:56,"['I have an S8 under Samsung warranty, but unfortunately I broke the screen just recently and I\'m told the warranty does not cover anything that is caused by ""misuse"". The glass on it cant be replaced individually (Samsung\'s rules I guess), they\'d have to change the whole panel, even though the screen is fine - which costs a fortune. Now, warranty should cover burn-ins as far as I\'m aware. I know it sounds shady (and it probably abusing the warranty), but theoretically they\'d replace the whole panel in case of a burn in, too. Would they authorize the replacement under warranty if I\'d manage to do so? Not that I\'d do such a thing, just as a theory.']",0.091,0.891,0.018,-0.8625
14,2018-11-02 19:53:23,"[""So my Samsung Galaxy S8+ is great. I've had it for over 11 months now and it still works great. Though, there is a problem that started happening a couple weeks ago and I'm very, VERY irritated by it. When I press the button that turns on the screen it doesn't show me my lock screen. It just goes straight to the lock pad. I always have to turn the screen back off, then on again to see what notification I just got. Any help on how to fic this?""]",0.071,0.8,0.13,0.6999
15,2018-11-03 01:40:45,"[""So on my Samsung Galaxy note 8 i just got a verbal update on my phone (my volume is off) that said i am running low on memory and need to go to maintenance to fix it. Is this legit from samsung or did my phone catch a virus and it's a scam? I haven't gone on 1 website with his phone that I could get a virus from. Has anyone got this before?""]",0.09,0.91,0.0,-0.7319
16,2018-11-03 08:23:47,"[""Hello, from a few month i jump into the Samsung world with a Note 9 and its amazing. Even the software is great, well designed and usefull. Before that i thought its a stupid idea to develop apps like browser, task manager and many others when you have it developed by google, but i was wrong. Samsung's app are more than good. The only difficulty i am facing is how to sync them properly with other devices. For example i love to set remainders with Bixby into the remainder app but i cannot sync it with my Laptop. Please give me an idea how to use an apps, thats work with Bixby or Google assis. and i can simply follow the info on my PC. Thanks in advance.""]",0.067,0.754,0.179,0.94
17,2018-11-03 09:48:07,"['I am a professional photographer who works mainly with Canon, but I fell in love with NX series and I acquired two of them. NX1000 is really unexpensive and, with the right material, works like a charm. &amp;#x200B; *Processing img uwwnmvbl73w11...* [Some more pics with my Samsung NX1000 and Minolta Rokkor 58 1,2. Post in Spanish.](']",0.0,0.795,0.205,0.9274
18,2018-11-03 15:22:30,"['My first real phone was a Samsung S3. The phone in itself was good, but the software.. ugh. Bloat upon bloat upon bloat, felt like samsung was forcing poorly designed apps down my throat, and I couldn\'t escape it. So since then I stayed the hell away Samsung. Having become an avid android auto user, I needed a phone that worked perfectly with AA, and the only brand to reliably do that, is Samsung. So I was kind of forced to buy the S9+. And my god - this phone is brilliant. Gone is the crappy UI, and it\'s replaced with a cohesive, polished UI, that I actually prefer over stock android. I can disable the Samsung apps if I want. I don\'t even have to install most of the them. The ones I have tried, are actually good. The build quality is great. The screen is great. It\'s got a headphone jack, Qi charging, waterproof etc. I love the ""always on"" display, great feature. The notification light can be controlled, unlike on my Huawei. Hands down the best phone I have tried! It seems like Samsung have finally understood that functionality is equally important to design. Also the fingerprint reader is so much better than on the S8, that I briefly tried. There are actually only two downsides. - Bixby. Samsung - get rid of this shit. - the 18:9 aspect. I don\'t get it. I don\'t need that extra space, and now it doesn\'t fit in a jeans front pocket.']",0.084,0.682,0.234,0.993
19,2018-11-03 18:48:33,"[""My dog ate the ones that came with my S9. I was pissed because they've been my daily drivers and I loved them because of the great sound quality. I looked them up to see how much a replacement was, and I see pricing ranging from 10-100 bucks, but I have no idea what ones are the real deal. Can someone please give a link to the real, authentic ones that came with the phone.""]",0.071,0.825,0.104,0.3716
20,2018-11-03 21:26:19,"[""Hi /r/samsung &amp;#x200B; I am going to purchase a Samsung View tablet tonight, and am wondering if anyone can present any possibles scams I should look out for. Yesterday, I bought an iPad Mini 4 which seemed to be restored but had an activation lock. No chance at getting my money back as they were obviously going to buy drugs. So, I really would like not to get scammed again but from my understanding there isn't any permanent locks on androids. &amp;#x200B; Is there anything I should look out for? and if so, what steps need to be taken to verify I'm not getting scammed? &amp;#x200B; Thanks so much, /r/samsung!!""]",0.045,0.842,0.113,0.8341
21,2018-11-03 21:58:30,"[""I was just curious if anyone here knew exactly what to do or how to resolve this because I can't really find anything on it besides the fact that you can do it on a 2017 model. But when I log into hulu I don't see any profile options nor do I see any live TV options and I currently do own the live TV plan. Just to clarify this is the TV I purchased""]",0.0,0.95,0.05,0.3506
22,2018-11-03 23:13:47,"['I\'ve checked the thread related to this subject on /r/androidroot but wanted to get a little more detail from a sub that might have more direct experience and thoughts about the process. I\'ve had a Google Pixel for the last 2.5 years and I like the clean bloatware free interface. But since the only new feature I really wanted from the Pixel 3 was wireless charging, and the Pixel3 is nearly 1k, I decided to get a used mint condition s8 for a third the price. I have a SM-G950U. It was sold to me as ""AT&amp;T unlocked"" which I thought meant that it was AT&amp;T compatible frequency but that there was no AT&amp;T bloatware on it. I was wrong. Is it possible to root the SM-G950U reliably and get rid of the bloatware etc? (I might actually keep some of the Samsung stuff around since it seems pretty decent) Yes, I already know about disabling but I prefer to get rid of stuff entirely if possible. I also work as a UX Designer/Developer, and I have a decent amount of technical knowledge (though mostly with Ubuntu rather than Android), so I\'m willing to put in some effort to get a better, cleaner, experience etc. From what I can tell from the threads it\'s pretty hard these days to root the SM-G950U, but I thought I would check. Last thread I saw explicitly explaining why you shouldn\'t root was from nearly a year ago, and I figured things have probably changed.']",0.05,0.835,0.115,0.9559
23,2018-11-04 12:43:50,['Hi everyone. I finally got my Note 9 and am in love with it since but I was wondering if there is a search feature for a specific word; much like the Control+F feature on Windows?'],0.0,0.832,0.168,0.705
24,2018-11-04 18:07:55,"['I would like to update my Samsung Galaxy S3 GT-I9300 to a newer OS, such as Android Lollipop or above. Every tutorial I have watched has mentioned Odin, but the USB for my phone is lost. Is there a way I can update without Odin?']",0.068,0.892,0.04,-0.296
25,2018-11-04 18:37:31,"['I realized I forgot password for my Samsung account. I decided to change it from dekstop, because it\'s easier than from the phone. So, I went to [samsung.com]( and put in my email to get a new password. I got an email from ""Samsung Adminsitrator"" at [onlinesupport@sea.samsung.com](mailto:onlinesupport@sea.samsung.com). It looked very sketchy with weird fonts, there is also some Korean text in the bottom of the email. I was very skeptical and afraid that it was phishing, but hey, I just went to ""[samsung.com]( how could it be? I put in a new password and it let me on the website, there is my profile, but I don\'t see anything about my phone. Okay, I try from the phone and it won\'t accept the password that I just created through the link that I got from [sea.samsung]( After googling a bit I found out that I had to go to [account.samsung.com]( and sure enough, from there I got a nice password recovery email in my native language, and the password I created through it was accepted on my device. My question is: are there two separate Samsung accounts for [samsung.com]( and [account.samsung.com]( or... what exactly happened, and was it a legit email from [sea samsung.com]( after all?']",0.016,0.877,0.107,0.9526
26,2018-11-04 23:01:09,"[""I dont know much about phones, I got this phone for my good grades in the summer. Recently I've noticed a permanant lingering smudge on the right side of my screen where my thumb normally lies to scroll up and down with. I have tried wiping it away with a microfibre cloth to no avail. After some research I've found that this could be a sign of the oleophobic coating wearing off. Another symptom of the coating wearing off is that the screen has more fingerprints on it , this is something I've also noticed however this may be also be because I have really sweaty hands. Are there any tests for the oleophobic coating? I'm going to a Samsung support store this upcoming weekend""]",0.04,0.914,0.045,0.1531
27,2018-11-05 00:40:37,['I was hoping to get the A8 as a gift for my brother but im not sure if its compatible with VR. I currently have the Samsung VR model SM-R325. Thanks in advance'],0.066,0.727,0.207,0.6436
28,2018-11-05 02:20:49,"['Hi everyone, I‚Äôm a noob to Android/Samsung products but I‚Äôm wondering if there‚Äôs a way to get a little Bluetooth remote for my tablet. I listen to music on it while driving, with my tablet being plugged in my car via aux cable. Since I can‚Äôt change or skip songs through buttons on my car, and I don‚Äôt like to open my device while driving, is there some sort of remote I could buy that would be able to help me change songs? I don‚Äôt need anything crazy, just a simple remote with a button that would let me skip the track. FWIW, I use Spotify, and will typically queue up some songs/podcasts before driving. It would be nice to be able to skip the track while having my tablet case closed. Would also be nice to have something that I could leave in my car that pairs up automatically when I bring my tablet in. I would think this is a pretty easy thing to find but just wanted to ask before I buy something. Also sorry if this is the wrong sub. Thanks for the help']",0.056,0.811,0.133,0.959
29,2018-11-05 03:25:39,"['I bought the S9 from Samsung online about a week ago. I‚Äôve had it for about three days, but decided I don‚Äôt love it. I was supposed to trade in my old phone for a discount, but I want to keep it. I have my return label and everything ready to send back, but I can‚Äôt find any of the manuals or other ‚Äúread me‚Äù things that came in the box. Are they going to reject my return because of this?']",0.042,0.833,0.125,0.7876
30,2018-11-05 05:03:05,"[""I honestly don't browse the sub enough to know if this is already a thing and I'm way too lazy after working a double shift at a busy restaurant so,... Here goes. I have owned an iPhone for the better part of a decade. I adored my i6, something I kept in great condition for 3 years. I honestly would have kept my iPhone forever if it wasn't so expensive to fix, even with having the option now without spending an exorbant amount of my hard earned money I would choose to keep my phone because I was so acustomed to using it. That said, I absolutely adore this phone. Everything about it - the amount of customization, screen and camera quality, especially the edge screen. I am finally getting used to using an Android OS, and I gotta say,... As someone who is VERY particular about accessibility and convienence I am very impressed. I honestly can't tell you if the things I enjoy are Android or Samsung related but I can tell you that the s9 is an amazing piece of technology and I am more than happy to shell out the $800 for what is quickly becoming an extension of my hands. Plus it's shiny and pretty. I'm a girl and I love glittery things but I'm positive 90% of you will agree with me on this - it's gorgeous. There are always downfalls - stupid shit like having the always on feature uncustomizable to be hooked up to the gravity sensor or the fact that I can't seem to master typing on this thing (having said that might just be something I need get used to after using the same phone with what I'm sure we're very diminished screen sensors). The downfalls are so few and far between I honestly don't feel like they are even worth mentioning. No, I'm not a Samsung rep or an apple hater. In fact I love iPhone products for what they are. They just aren't this. Hope this helps anyone considering a switch. Happy trails!""]",0.058,0.727,0.215,0.9962
31,2018-11-05 06:09:40,"['&amp;#x200B; [this app list include game launcher and game tools]( These apps will maximize your galaxy device any galaxy phone and allow overlay and modify system permision for ultimate speed, to get stock android 1440p optimized display with better software n battery usability go to developer option(hit build number again in about phone) and turn all animation scales to 10x and turn on force rtl layout also turn all all options available for your device dont forget to set minimum width to 9980 to install drivers performance of a core i9 and nvidia gtx 1080ti which will show up in your widgets to activate them and direct you to install page. Lastly go to wifi advanced options and static and entertainment mode for the fastest internet same as an ethernet to usb c cable connected direct to phone would give you. Thanks, have fun good speed.']",0.0,0.844,0.156,0.9669
32,2018-11-05 13:47:01,"[""Hi, how on earth do I stop the annoying pill notifications on a Samsung s9. Hate them. I'd like to just have the stock Oreo notifications instead of both. Many thanks.""]",0.238,0.693,0.069,-0.7269
33,2018-11-05 14:34:20,"['I sent in a Note 8 with a cracked screen to Samsung for repair. They received the phone on October 31st. On the 1st, they provided me with an estimate of $215.42. They also provided me with a link to make the payment online, which didn\'t work. I called them to ask if they could send me another link so I could make a payment to them on the 2nd. The lady was very helpful and even offered to get me a discount to $102. I let her know I would be making the payment on the 2nd in the evening time. All was well at that time, however I got my first call from Samsung that same night asking about a payment. I let the guy know that I would be making the payment on the 2nd in the evening time. I figured all was well, but then the following morning I got another call saying it was the final ""courtesy"" call asking about a payment. Again, I let them know I would be making the payment that evening. The guy said that I had until 3pm on November 3rd to make a payment. I let him know that was fine and I would make a payment before then. I call them at around 8pm on the 2nd and try to make a payment only to find out my ticket had been closed. I ask if the ticket can be reopened but was told they were unable to do so and I would have to call back on today. I called them back and was told they couldn\'t reopen the ticket as the device was already shipped back. I was told I could open the ticket again once I receive the device. Dunno if anyone has ever had any dealings like this with Samsung, but I think it\'s pretty weird to only be given 1 day to make a payment for a repair. Also not sure if I\'m gonna waste time sending the package out again, thinking about moving to another android phone. Oh well, just felt like ranting a bit about my experience with Samsung support this time around.']",0.024,0.906,0.071,0.9343
34,2018-11-06 00:00:45,"['I\'m on windows 10, and i\'ve been running in fucking circles, for at least 12 hours in total now, just trying to get to get this done. &amp;#x200B; I\'m at the brink, i need some help with this or i\'ma lose it. &amp;#x200B; ok, so here\'s where i\'m at and what my problems are. &amp;#x200B; I\'m on android 8.0 &amp;#x200B; no adb driver is properly installed on my computer so i\'m guessing that\'s why i can\'t fully enable usb debugging on my phone, or get it connected. i\'ve installed 3 android related drivers so far, 2 literally have adb in the name or description of what they do, and the other is the samsung usb driver for windows 10. &amp;#x200B; i\'ve juggled multiple java downloads, downloaded the entire android studio app in hopes of finding out how to use the sdk tools thing, even downloaded the 8.0 sdk, re installed the sdk tools separate download multiple times, followed loads of youtube videos, and as many tutorials as i can understand, and i\'ve gotten absolultely nowhere. &amp;#x200B; my sd card is pretty slow, but i want the extra memory, really, really bad. &amp;#x200B; cmd doesn\'t recognize adb at all, and like with everyone on windows, the sdkmanager.bat file is broken. i can\'t open the cmd in a folder because it doesn\'t show up when i shift+right click. &amp;#x200B; this kind of shit is why i hate computers. i want to do something so simple and look at what i have to do to FAIL to accomplish what i want to do. &amp;#x200B; 1 simple task turns into, ""go learn how to code, read the windows 10 bible, it\'s not THAT hard"". &amp;#x200B; seriously... someone please help me get this done. i don\'t want to waste the rest of what may be my last off day in the next 3 weeks on this shit. &amp;#x200B; sorry for the profanity but i\'m beyond pissed.']",0.119,0.805,0.076,-0.9722
35,2018-11-06 01:13:18,"[""So I've had my s9+ since it's release and I when apple was caught slowing down phones, Samsung quickly responded and said we don't do that. So I took matters into my own hand and decided to test their word. And to my surprise, Samsung did slow down phones after each monthly update. The first image is before August, second is after August and 3rd is after October patches. Samsung lied. What can we do at this point? I'll keep you updated as the scores get lower but this very unfortunate, we will see what happens when the S10/android 9.O comes.""]",0.074,0.88,0.046,-0.6124
36,2018-11-06 02:28:54,"['Hi, which tablet ipad pro 10.5 vs Samsung Tab s4 is better for note taking? (ignore the extra price of apple pencil for now) üòÖ']",0.0,0.892,0.108,0.4404
37,2018-11-06 09:13:59,"['Hi! I‚Äôm currently using an 8+, and am wanting to switch back to Android. After many reviews watched, forums read, and much deliberation, I have decided on a Samsung +. Now my question is, how much of a difference between the S8+ and the S9+ is there? Should I go for one over the other? Any help and advice is much appreciated. TIA.']",0.0,0.895,0.105,0.7685
38,2018-11-06 13:44:00,['3000+ ads on lockscreen wont affect the battery much while phone is locked.What is the best adblock you use?for any android.'],0.0,0.826,0.174,0.6369
39,2018-11-06 14:50:59,"['anyone recommend the A8, I found a brand new one being sold for 320$ CAD so im wondering if this is a good choice. My iphone 6 has lived it out so im ready for a new phone']",0.0,0.786,0.214,0.8008
40,2018-11-06 16:02:34,"['So I guess before some update, when I would click my Apple TV remote, it would turn on my Apple TV, my Samsung TV, and automatically show the Apple TV source. But now, when I click the remote, it turns on my Apple TV, my Samsung TV, but defaults to the TV PLUS app, on my TV Source. This is so annoying because now it forces me to use another remote, just to turn back the source. Is there a way to change this? Remove TV Plus? Why the hell does Samsung continually fuck their awesome hardware up with shitty software and bloatware?']",0.176,0.777,0.047,-0.9564
41,2018-11-06 16:24:02,"[""I traded a perfectly working att note 8 to get the $500 off a new note 9. I get an email this morning saying my phone isn't eligible and not the phone I said I was turning in. They sent me pictures of a note 5 saying they are going to charge me $450 in 4 days. Instantly I opened a customer service chat and told them what was up. They asked for imei off the note 8 and I said I turned it in how am I supposed to get it. Then I remembered it's on the Samsung website under my devices. Gave them imei then they said they'll forward the information to the group that handles it and I'll shortly get an email. I did this same trade in program for a previous phone and it was flawless. Sucks that this experience makes me not want to deal with Samsung despite having pretty solid phones. So if this doesn't go through I'm paying full price for a note 9 and out a note 8, essentially making this a ~$1500 phone. Dafaq! Anyone have any success stories with this situation?""]",0.043,0.894,0.063,0.7716
42,2018-11-06 17:41:52,"['Hi! I‚Äôm doing a project on Samsung and will be trying to interview someone in the company to get a better idea of what the company is about, so far I have asked what their role entails and how Samsung chooses to compete in today‚Äôs competitive tech landscape. Are there any other questions I should be asking? Thanks! Any info is helpful']",0.0,0.872,0.128,0.7955
43,2018-11-06 20:40:57,"[""I really hate most earbuds and still use the Apple Earpods from my iPhone 6 because the shell feels most comfortable. But since the controls don't work on Android, I was thinking of getting the Pixel Earbuds since they have the same design. Do the USBC audio earbuds work with Samsung phones that have the 3.5mm headphone jack?""]",0.042,0.918,0.039,-0.0516
44,2018-11-06 23:08:56,"['To my knowledge the Note 4 was the last phone made by Samsung to have an IR Blaster, it would be great to see a return. For those of who dont already now, one of abilities the Note 4 had that no current smartphone was the ability to be a universal TV remote. This was an amazing feature when out to eat, at the airport, or lost the remote at home. It would be absolutely amazing to see this feature added on a new phone. Please share your thoughts on if you think this feature should return or if you know why the feature was removed. God bless']",0.037,0.774,0.188,0.9524
45,2018-11-06 23:36:58,"[""It is a SMJ320FN and the only the back button doesn't work. The menu button is fine. Please can someone suggest a fix because it is driving me insane.""]",0.0,0.859,0.141,0.4767
46,2018-11-07 00:47:24,"['Has anyone received the system update 6 on Verizon for their Samsung Galaxy S9+? I got prompted for the update, and when I clicked to read the release notes, there were none pertaining to System Update 6, only System Update 5. [ Phone is currently at Software Version: G965USQU3BRJ5 Last Update from Verizon: G965USQS3ARIB']",0.0,1.0,0.0,0.0
47,2018-11-07 01:00:54,['I recently bought a Samsung s8 and whenever I restart the phone about half of the apps I put on my sd card are removed from the home screen every time. This is really annoying so please help!!'],0.075,0.827,0.098,0.2292
48,2018-11-07 02:27:03,"[""People who still have the S7, I'm thinking of getting one. Do you recommend it or not?""]",0.0,0.865,0.135,0.3612
49,2018-11-07 11:56:32,['Is this a meme between smartphone companies.'],0.0,1.0,0.0,0.0
50,2018-11-07 13:04:04,['Note9 costs now $750 and gives you extra add-ons. &amp;#x200B; ['],0.0,1.0,0.0,0.0
51,2018-11-07 14:00:21,['My s8 removes all of my apps that I have downloaded to my sd from my home screen upon restart. This is extremely annoying. Does anyone else have this problem?'],0.097,0.903,0.0,-0.4576
52,2018-11-07 14:50:04,"['I\'m wondering about Samsung phones with that curved screen edge on the long sides. Has this been a problem for you in a drop? Obviously drops on uneven surfaces are a crapshoot for any phone in any case. So let\'s assume a flat surface. Any case I\'ve ever seen leaves these 2 edges somewhat exposed, to not cover the screen. I know that the top and bottom case lips are supposed to protect the edges. Still, it seems like there are more ""unlucky"" drop scenarios (even on flat surfaces) with the curved screen edge than without. I also feel like I need to get a more protective case (e.g. Otterbox Defender) than I would with other phones. A tempered glass screen protector would help, of course, but it seems like all I hear about is people complaining about them - rainbows, bubbles, spiderwebs, popping off after a fall, ... With previous phones I\'ve therefore just gotten a film for scratch resistance, and a good case for drop protection. But maybe I need to rethink that here. What are your experiences or thoughts about that screen edge in a drop?']",0.058,0.855,0.087,0.7357
53,2018-11-07 17:49:02,"[""Are the s8 and s9 earphones that come standard are identical mechanically? Some say that the samsung s8 earphones sound way better than s9 and vice versa. Also, could it be because of wrong size earplug that people chose? I am not sure how it works correctly, but it's too small or too large it gives a very flat, unliveliness response. And the last question, are they a steal for 16 euros brand new?""]",0.108,0.867,0.025,-0.7522
54,2018-11-07 19:17:07,"['At the Samsung Developer Conference they announced that the next beta for the galaxy s9, s9+ and note 9 will begin in November in the US, Germany and Korea with more to follow.']",0.0,1.0,0.0,0.0
55,2018-11-07 20:41:34,"['Directions are [here]( **Step 1: Become a beta tester** Download the Samsung Members application from Galaxy Apps or the Google Play Store. After logging in, go to Notices and select ‚ÄúOne UI Beta Program Registration‚Äù to submit an application. FOR USA: Use Samsung+ app **Step 2: Update Software** Settings &gt; Software Update **Other details:** The program is available for participants in China, France, Germany, India, Poland, South Korea, Spain, UK, and USA. Those in the USA must sign up through the Samsung+ app. Participation in the beta program requires a Samsung account. Create an account at: The One UI Beta Program may only be available to certain devices, OS, and countries. Galaxy S9/S9+ with Android 9 Pie Beta program period and compatible devices vary by country.']",0.0,0.948,0.052,0.6808
56,2018-11-07 22:01:30,['How do I give my input on one ui Samsung said they want the beta testers help so how do I say what I want Btw anyone in beta tester Can you say to add better animations App opening/app closing and just general animations'],0.0,0.819,0.181,0.7351
57,2018-11-07 22:20:50,['Question: Is there confirmation for the new ui to be on these phone?'],0.0,1.0,0.0,0.0
58,2018-11-07 23:09:17,"['I recently got a Tab S4, and on the whole I think it\'s great. However I\'m looking to connect to a monitor and use Dex. I\'ve got a couple of USB-C hubs, however when I use these I get a message noting ""Samsung Dex not avalaible while cover open"". I do have the Samsung keyboard cover, so I\'ve tried closing that same result. Having done some more reading I\'m coming to thhe conlusion that I can\'t use a hub but will need a straight USB-C to HDMI, quite possibly the offical Samsung one. However in any situation where I\'d want to be connnected to a monitor I\'m likely to be there some time so being able to charge at the same time would be nice as would being able to plug in some peripherals. Screen mirroring kinda does the job but feels like a let down. Am I missing something? My searches thusfar haven\'t turned up much. I\'m not too happy with the prospect of having to get another USB-C hub, especially a Samsung one (As they seem outragously epennsive - ¬£30 for just the USB-C to HDMI one, ¬£64 for the Tab Pro S multiport adaptor) but if thats whats needed. . . Thanks! Currently I have: and']",0.033,0.869,0.098,0.909
59,2018-11-07 23:14:04,"[""Hopefully it's just referring to the beta. If the S8 misses out on this major software update I'm going to be very mad.""]",0.079,0.921,0.0,-0.2263
60,2018-11-08 00:27:30,"[""I am trying to use the Samsung Messages app instead of a third party, to see if I like it. Everytime I sent a text, the text bubble slides up into the conversation and then flashes and redraws before showing a timestamp. It's not a huge issue, but coming from a Oneplus and Android Messages, it's a eye sore to see animations do this. Anyone else having this issue? Thanks!""]",0.075,0.871,0.054,-0.3449
61,2018-11-08 02:28:30,"[""I dont know where to ask for help. I sent my tablet tab s3 for repair service to Samsung they said they will replace the device and it's been 2 months, every time I call they say I will get within the week. I feel like they are trying to avoid sending the device. Please advise.""]",0.039,0.829,0.132,0.6486
62,2018-11-08 08:54:43,['Anyone know the name of the song played in this video? ['],0.0,0.821,0.179,0.34
63,2018-11-08 10:29:22,['Have anyone tested joining One UI Beta Program on an VPN? Since i dont live in a country that has access to the beta program from Samsung+ or Samsung Members app. (Finland) &amp;#x200B; Anyone that can be my test pilot? &amp;#x200B; ##'],0.0,1.0,0.0,0.0
64,2018-11-08 13:39:49,"[""Hey guys I'm looking to buy a tablet I saw this tablet in some black Friday ads I won't be a heavy user mostly I will use it for college for having my books on the go and cast power points to give classes stuff like that. Do you think I should buy it is for 160 dollars ?""]",0.0,0.954,0.046,0.3612
65,2018-11-08 14:42:17,"[""Pretty simple question. I'm looking for a tablet to kind of replace my laptop (All I do is word processing and media on it, nothing advanced really. I mostly want it for D&amp;D if you can believe it). The Tab S3 looks up my alley and price range but I only worry because it's from 2017. If I buy one am I looking at this thing being useless by the end of 2019? Curious as to this subs thoughts on this.""]",0.107,0.842,0.051,-0.6889
66,2018-11-08 15:03:09,"[""Hey guys, I recently got a Samsung Watch and I am having issues with it disconnecting with my phone. It will connect and disconnect itself, usually when I unlock my phone and open the Galaxy Gear app it will reconnect and stay connected until I close it or put my phone on standby. I've seen a couple of posts on other forums about it recently but haven't heard anything from Samsung, does anyone know if this is a known issue with the software or if the unit itself may be faulty? I've done all the standard methods such as updating everything and doing a factory reset but the issue remains.""]",0.028,0.972,0.0,-0.4497
67,2018-11-08 15:41:14,['It says my device is unsupported. I live in the US and own a Sprint S9+. What are the requirements to download the app?'],0.114,0.886,0.0,-0.4019
68,2018-11-08 16:23:33,"[""I'm attempting to get a smaller size 4K TV with good screen uniformity, as my 2016 Samsung gives me hell but 2017 and 2018 are apparently way better. The issue is, the 2017 models are just... gone... which is rather early, considering 2016s were still available in summer at least. The bigger issue is that apparently 2018 Samsungs dropped DTS. I use DTS Neo a lot for audio from video games and certain streaming services. Thanks to a long history of nonsense, I send my audio to my TV through HDMI and then out through an optical cable to a blu-ray player that connects to a speaker setup ( I can use Dolby Digital with some content, and I connect my actually functional blu ray player directly to my speaker setup one for DVD and Blu-Ray. But for a lot of games and streaming, I can only use PCM and DTS Neo, and I significantly prefer to have the surround upmixing of DTS Neo. Now that DTS has been dropped, is there any kind of surround upmixing alternative, or would PCM output be the only option? That would kill any purchase from me. Thanks if anyone can help!""]",0.063,0.858,0.08,0.3699
69,2018-11-08 19:55:37,"['Ok, so i basically put all my app data onto my sd card, on my samsung S7 edge if thats important, and i opened one of my apps and it restarted the download for the game. I ended up changing the app download to the sd card but to no avail, it still restarts the download. I believe this is because i now have 2 ""Android"" files because of migration. is there a way to merge these 2 android files such that i only have one left over?']",0.034,0.948,0.017,-0.34
70,2018-11-08 21:58:33,"['I just need a 55"" tv for my living room. I\'m in a medium sized apartment so I don\'t need anything bigger than that. I play games occasionally on my PS4 Pro but I\'m not a hardcore gamer. I mainly watch tv and movies. On Samsung\'s website with my student discount I can get the Q6 for $899.99, the Q7 for $1,199.99, or the Q8 for $1299.99. Which one would you recommend for my sort of basic needs? Also would you recommend I pay it outright or take advantage of the Samsung financing? I can afford to pay it outright but already have an account open with them and figured why not. The Q6 would be $75/month for 12 months, Q7 would be $100/month for 12 months, and the Q8 would be $36.11 for 36 months. Final question. Would you go with their extended warranty? This would be my first pricey tv so I just want to make sure going with them would be a good choice. Thanks!']",0.019,0.863,0.118,0.9517
71,2018-11-09 05:25:48,"[""I want to block a creepy acquaintance but don't want to come off as rude...would be awkward if I see them in person""]",0.164,0.725,0.111,-0.3071
72,2018-11-09 05:46:21,"['Yesterday I bought used Samsung Galaxy S9+ which is completely fine except one thing for 500$. That is battery. Instead of 3500mah battery, current capacity of the battery is 3000mah or about at 86% health. Should I keep this phone or give it back? If i buy it new I will pay 670$. I live in asian country so 170$ would be considerable expanse.']",0.023,0.942,0.035,0.1761
73,2018-11-09 14:03:20,['Hello I bought my Samsung S8 SM-G950U from Samsung it was a TMobile carrier phone for the USA. Then I moved to Europe. When I reboot the phone is still has the TMobile sign on which is fine with me....a little taste of home as I moved to Switzerland. But the guts are giving me a few issues. 1- Samsung Pay is wanting US zip codes and I do have a credit card from the US in the phone and it works fine but I cannot add a European credit card apparently as Samsung Pay does not allow it on a US phone? Any help here? 2- Several apps report back to me that I am not in the correct nation despite being in the correct nation. Ironically this is seen in a potential credit card replacement app the European bank uses. So I cannot use Samsung Pay nor TWINT which is the approved app for the new bank. Any help here? 3- FM here had different spacing...in the US it is 200khz as 94.1 94.3 94.5. But in Europe it is 100khz as 94.0 94.1 94.2 94.3. Is there a way to change the FM spacing on the phone? Any help here? &amp;#x200B; Anyone else have other issues moving from the US to abroad or vice versa? Any other issues seen by others? Thanks Joe'],0.028,0.821,0.151,0.9852
74,2018-11-09 14:23:43,"['Hello everyone, I was a iphone user and my experience whit apple is that you can install all the betas that they realease. Now i am wondering if it is any way to get the One UI of samsung based on andrid p in his beta form whitout being selected by samsung members. Im from Spain. Any aportation is wellcome:). Thanks.']",0.0,1.0,0.0,0.0
75,2018-11-09 15:18:40,"[""I'm an 8 year Android fanboy and always seem to have a hard time debating between Google and Samsung phones. Lately I've chosen Galaxy over Pixel due to the hardware. But now with One UI I feel like Samsung have created a UI that is just as good if not better than stock. This is making me think if I should go all in on Galaxy. The foldable phone will no doubt be a game changer in itself. Do you guys think Bixby has a chance? Particularly this late in the game.""]",0.104,0.774,0.122,0.41
76,2018-11-09 17:44:28,"['After the Oreo update, my J5 Prime started to have this problem. If I reboot the phone, it works just fine, but if I press the power button, locking it, the screen won\'t turn on anymore and I have to reboot it again. I either have to maintain the screen on all the time or reboot the phone everytime I want to use it. When I receive a call, it rings normally, and when the call is lost the screen will turn on and an error message about the system UI appears. Sometimes I get an error message about the Samsung Experience Start Screen. Can\'t really post the messages because they\'re in Portuguese. I tried to reset the phone through settings and also reset it through the ""Recovery Mode"". Also cleaned the cache, but nothing worked. Using another launcher does nothing either. I\'m kind of beaten here, and would appreciate any help. Thank you.']",0.099,0.821,0.08,-0.6189
77,2018-11-10 04:56:41,"['How can I set my Samsung Android phone to auto answer and put the call on speaker, e.g. when I am driving your car? Is IFTTT or Google Assistant the answer? Phone settings appear to permit Auto Answer only with earphones.']",0.0,1.0,0.0,0.0
78,2018-11-10 09:54:46,"[""I have a Galaxy Tab S4 and it keeps turning itself off. This only happens sometimes, around like 2-3 (more or less) times a week. Usually, when it happens, it won't stop for at least a few minutes. Also, it doesn't let me turn it on for some time (around 3 secs to even 1 min). I'm seriously going to explode using this stupid thing one day, because it's so, SO, annoying. I haven't had this problem for a month after I bought this, and after that, it started happening. The first time it happened, I just thought it was a bug and ignored it. It didn't happen again for a few weeks. Then, it happened again, but I still ignored it. After a few weeks, it happened AGAIN. Then it started happening more often. So what happened TODAY is that I was playing on my tablet, then it turned off. I turned it back on, and 20 secs later, it happened. After an amount of time, (I couldn't remember how many times it happened) it happened again and again. Then, it started getting worse. It turned itself off, so I turned it on. But 1 sec later, it turned off again. It kept repeating for like 3 times, and after THAT, it became just absolutely ridiculous. It turned itself off, as you probably guessed. But it wouldn't turn on for 3 secs. I turned it on, and as soon as I did, it turned off. Then, it wouldn't let me turn it on for an even longer time. That kept repeating for around 10 times, and after that, I quit the game. After I quit, it still happened, but not as worse and not as often. Can anyone tell me how to fix this crap or if I should go check what the hell is wrong with this dumb tablet? If you need more information for this problem, just reply and I'll tell you. Also, while I was typing this, my tablet turned itself off 3 times. How terrible.""]",0.138,0.838,0.024,-0.9917
79,2018-11-10 13:49:49,"[""It's impossible to receive calls, because the phone rings, but I can't anwer due to the black screen. Sometimes I get an error message about the Samsung Experience start screen, and this whole problem started right after I updated to Oreo. I tried reseting the phone through settings and also tried it through the revocery mode... nothing. I also tried to install a launcher and replace the Samsung Experience start screen... also nothing. I don't know what else to do, and would appreciate any help. Thank you.""]",0.077,0.811,0.112,0.5023
80,2018-11-10 15:13:13,"['We got a new Samsung 4K TV a couple of days ago and yesterday I plugged my HDD to the USB port and could play MKV and MP4 movies without a single problem. It worked with a flash drive as well. Today I was going to keep watching the exact same file and I get the message ""Not supported audio data"". Happens with every file, both the old ones I had or newer ones I have downloaded today to give it a try. I\'ve reseted the TV to its original settings, formatted the HDD. Nothing. Nothing works. How could it work just 12h ago and not today?']",0.019,0.893,0.088,0.7266
81,2018-11-10 15:46:07,"[""I'm talking about J4 core. It's powered by Android Go, it has 1 GB RAM, 16 GBs of storage space and a pretty good battery capacity for phones of its type; 3300 mAh. Also a 8MP rear camera and a 5MP front camera. 1. How much space does android 8.1 go edition occupy normally? 2. Do you think it'll be pretty good for non-power users just like I do?""]",0.0,0.797,0.203,0.9332
82,2018-11-10 16:58:21,['I have created a Find my Samsung account but my phone is not linked to it. Am I out of luck? I don‚Äôt want to factory reset'],0.0,0.751,0.249,0.714
83,2018-11-10 20:23:07,"[""So I am on the market for truly wireless ear buds and I heard a lot of good things about the Samsung gear iconx, so I started looking for it. In the eBay 11.11 sale, there was a pair of what seems to be fake iconx earphones... I tried looking for them online and found pretty much nothing about fakes... So I am thinking also of a way to find the gear iconx for cheap as I can't find them in good prices without worrying that they're fake. Does anyone know a reliable place that is also cheap where I can buy the real deal?""]",0.058,0.812,0.13,0.7741
84,2018-11-11 00:00:08,"['I bought a new tab s4 a few weeks back and managed to lose my original stylus/s pen. I saw the official Samsung ones for 60, which is too steep for what it is. So my question is: what can be used as a replacement spen, and (assuming you can get other brands) what is your preference? Thanks']",0.047,0.912,0.04,-0.1027
85,2018-11-11 00:25:48,"['Why doesn‚Äôt Samsung sell the 55‚Äù Q9fn in US, it does in England']",0.0,1.0,0.0,0.0
86,2018-11-11 00:40:22,"[""Is it just me that can't stand these new icons revealed during the presentation of ONE UI or they are simply ugly af? They look like designed in kindergarten. I can't imagine my phone looking like this. Yes, I can use launcher, but I really like the current UI's design. I thought LG has the worst possible icon pack but now Samsung beats them. Anyone else is not a fan of it? &amp;#x200B; &amp;#x200B;""]",0.13,0.762,0.108,-0.5846
87,2018-11-11 04:23:53,"[""It's a very quiet beeping, similar to how loud a clock's ticking is. Very high pitched. I can't find anything about it online. Anyone have any ideas?""]",0.0,1.0,0.0,0.0
88,2018-11-11 06:49:31,"['Pre-amble: in a moment of frustration, I paid off the rest of my iPhone X and started looking at Android phones. Narrowed it down the Pixel 2 XL, Galaxy 8, or Galaxy 9. I have specific questions that I haven‚Äôt found simple answers to in all of my Google‚Äôing. Hoping Reddit can help: 1. Do Samsung watches only work with Samsung phones? 2. Can any Android Wear watch work with the Galaxy phones? 3. I‚Äôve seen dual screen stuff in ads, but nothing on the product pages. Can the S8/S9 do that split screen stuff or is that only on the Plus and Note models? 4. How is Samsung Health? I‚Äôm a big Apple Health + Withings + LoseIt user. How does Samsung Health compare? 5. How are Samsung Watches in terms of activity accuracy? This is very important to me. 6. Samsung‚Äôs UI seems very heavy on weirdly rounded corners. Is it possible to change or customize this without using hacks or anything complex? 7. I had the original Galaxy S and hated TouchWiz. Is touchwiz still awful? 8. how hard is it to get TouchWiz to feel closer to native Android? 9. Samsung Pay: does it require an internet connection to use it?']",0.09,0.866,0.044,-0.8971
89,2018-11-11 07:49:32,['Both the computer and the phone have the same music files. I find it easier to make the playlist on my computer. Is there a solution to this?'],0.0,0.825,0.175,0.6249
90,2018-11-11 08:47:00,"['I\'m going to buy an Android TV, screen size should be 32""+. Which one you guys prefer? Also will there be any Pie updates for Samsung Galaxy J8(2018)?']",0.0,1.0,0.0,0.0
91,2018-11-11 11:37:55,"[""basically i'm in a position where i can get the exynos 128gb note 9 for 50-100 dollars more than the 6t. now i'm a person who keeps phones for a long ass time like 3-4 years before upgrading, so which phone will offer the most longevity ?. year ago i would have said the oneplus easily but samsung has greatly improved their Samsung experience and with news of their new one ui i'm not so sure anymore.""]",0.069,0.83,0.101,0.3776
92,2018-11-11 16:58:05,"[""After repairing my broken screen in Samsung, my touchscreen doesn't work properly as before. What should I do, are there any solutions, do I give them back the mobile to check it again? &amp;#x200B;""]",0.089,0.862,0.049,-0.34
93,2018-11-11 17:22:56,"[""Hello. I need a new smartphone and I have to admit, I'd like to try a Sony this time. However, there's the A8 2018 which costs around 270‚Ç¨ (Italy) and ticks lots of boxes. There are three things I'm concerned with: &amp;#x200B; 1. How's the battery life? It scores rather good on Gsmarena, but I'd like to hear it from daily owners. 2. How's the audio quality with headphones? I listen to music a lot on my phone, that's basically why I'm oriented towards a Sony. 3. How's the bloatware on it? I hate it when they put useless apps that I can only disable. I remember trying an A8 in a shop and I couldn't even uninstall games on it like Cut the Rope (which is quite heavy as well). 4. Anything else I should be aware of? I'm reading of an audio bug where the speaker goes off for some time. Moreover, here in Italy, Samsung and Apple have been fined for planned obsolescence (basically updates that intentionally slow your phone down). How's the situation on that? Thanks!""]",0.062,0.868,0.07,-0.6189
94,2018-11-11 17:54:14,"[""With TMNGOs content being moved to Crave, Crave has a new updated app out. However the app refuses to update on my Q7 which means I dont have access to TMNs content through crave. It says it is the latest update and the tile has the new look, but the app itself and the content hasn't changed. Any idea as to why it wont fully update?""]",0.0,1.0,0.0,0.0
95,2018-11-11 18:26:04,"['So I am finally upgrading my iPhone 5 after too many years. I have settled on the S9 because it has all the features I need. My question is right now Samsung is doing the bundle which includes a dock, DeX cable, headphones, and a free case. Is this one of the better bundles they offer, because I was interested in the VR goggles? It looks like the Black Friday sale will just be $200 off and I would be surprised if they add gear to this. In your Reddit opinion should I get this bundle and buy goggles on the side?']",0.0,0.866,0.134,0.9129
96,2018-11-11 20:37:15,"[""This problem is about 2 weeks old, during that time, I didn't install apps or got physical damage. It literally happens only during games, not YouTube, even using google chrome for long doesn't cause a reset, it's just games, it's really weird. I tried Anti viruses, but nothing is wrong, I have no idea what to do. One more thing, resets are random and can even have less than 1 minute span between them, but one think that i noticed is that it resets when you make inputs, not just looking at it.""]",0.107,0.857,0.036,-0.5715
97,2018-11-11 23:19:46,"[""I found this for the iPhone but I haven't been able to find one for Samsung phones: I'm looking for a cover that has sliders to cover the cameras, especially the front camera, when not in use. Does anyone know of such a case for the galaxy s8 or s9?""]",0.0,1.0,0.0,0.0
98,2018-11-12 03:59:42,"[""My 128GB Samsung SDXC Evo+ is not functioning properly. My device can read data off of it but cannot write any data. So if I copy anything from somewhere else the data disappears. But whatever is in the SDC is still playable. I tried formatting it from my device. It says format complete but everything remained the same. Not a single thing has changed. I tried in other devices and most of them either 'unfortunately stopped' or restarted while formatting. Is there any solution to this!? (I have been using this SD card for about a year and a half in the same device that I am using now)""]",0.081,0.893,0.027,-0.7088
99,2018-11-12 04:52:26,"[""Looking to grab a new smartwatch after my OG Pebble bit the dust a few days ago. I bought an S9 back in the spring, so I figured I would look at Samsung's offerings for smartwatchs. Looking at their preview for Black Friday deals (as well as the student discount I get) I am torn between these two options: (I have smaller wrists, so the smaller form factor of these two watches appeals to me) 42mm Galaxy Watch (Bluetooth) for $240.49 or the Gear Sport for $166.49 I'm uncertain as to whether the speaker, better CPU, and new workout tracking would justify $80 over the Gear Sport. Anyone have any advice on the subject considering these prices?""]",0.036,0.92,0.043,0.2023
100,2018-11-12 05:19:11,"['The sound bar will not stay connected to WiFi, can‚Äôt be added to SmartThings app, and issues with volume having to be near max to hear with some media. Has anyone faced similar issues or have any solutions? Any input would be greatly appreciated, thanks.']",0.0,0.89,0.11,0.6478
101,2018-11-12 11:33:40,"['Hi, i have Samsung S8, usually when i connect it to my Bluetooth headphones a notification will appear showing the device name am connected to, recently i mistakenly clicked something made it disappear, is there anyway to let it back?']",0.108,0.892,0.0,-0.4767
102,2018-11-12 15:37:15,"[""I have this old Galaxy S3 that seems to always restart itself. I boot it up and works fine but after a few seconds it will restart itself continuously. I can still turn it off and charge it but it can't stay on. it just keeps on restarting after boot. Could this be a battery problem or something else?""]",0.061,0.915,0.024,-0.4854
103,2018-11-13 05:40:51,"[""I have a Samsung smart TV (model UN55MU700) and every day when I turn it on, the Wi-Fi says it isn't connected and I need to reset the network settings to get it to work again. The IPv6 box was checked so I unchecked it. Still happening This never happened prior to this week, and I know it isn't the network because I'm able to connect my phone, laptop, two consoles, and chromecast all with no problem.""]",0.029,0.935,0.036,0.128
104,2018-11-13 08:10:07,['[']-----------------------------------,0.0,1.0,0.0,0.0
105,2018-11-13 10:03:47,['[']-----------------------------------,0.0,1.0,0.0,0.0
106,2018-11-13 17:32:32,"[""Will Samsung ever have it's own OS instead of relying on Android? Will Samsung have any proper Office use products like a more versatile Samsung Cloud?""]",0.0,0.894,0.106,0.4329
107,2018-11-13 18:11:20,"[""I live in Singapore so i obviously can't join the Beta Programme but is it possible for me to get it despite being in Singapore?""]",0.064,0.936,0.0,-0.1471
108,2018-11-14 02:18:05,"[""I swear to God Facebook deliberately fucks with us on mobile browsers, especially on Samsung Internet, to get more traffic on their official app. It used to be decent, but has slowly progressed into a larger and deeper cesspool over the years. But most of the current annoying glitches have seemed to magically form over the past month. I can remember back when I could actually use messages in the browser. Unfortunately they stripped that a long time ago, getting more users to download their bloated, ad-infested app instead. So, I'll go ahead and bring that up with the new annoyances with browsing Facebook on mobile, cause why the fuck not. Next up, is when I try to use a react on comments. 98% of the time I try to like a comment and emote my ANGER on a post I DISLIKE and instead, I end up LIKING it and I can't change it. Granted, it hasn't been that bad lately, but occasionally I get that bug and it iritates the bejesus outta me. Then, although this hasn't bothered me as much, but it still pisses me off, is when I go to read comments or view a certain group/page... The damn top bar becomes useless. I can no longer check my notifications. Instead, it's just a banner with the group/pages post I'm currently viewing. But now, the ultimate frustration of using Facebook on mobile is the CONSTANT page freezing and app crashing when trying to go BACK on a comment thread or post. It happens EVERY. SINGLE. TIME. I try to go back from a comment section of a post I'm reading. I hit back and it FREEZES then CRASHES. I just love unresponsive web pages. Ah, anyways, that rant felt good. Hopefully you all can relate.""]",0.164,0.736,0.1,-0.9663
109,2018-11-14 02:29:48,"[""The Samsung Galaxy A9 was released a bit ago, but I thought it was still worst posting. It has four cameras. One is a 120 degree wide angle. one is 2x telephoto. one it for depth, and one is for normal shooting. The crazy part is that this cost less than it's S and Note counterparts.""]",0.149,0.851,0.0,-0.8674
110,2018-11-14 02:34:44,['For more info [']---------------------,0.0,1.0,0.0,0.0
111,2018-11-14 09:08:58,"[""I contacted Samsung support through Twitter. I explained my girlfriend had not used her Samsung tablet in a while and had forgotten the password she used and was there any way to reset the password and that a factory reset would be ok for her to do if they could tell me how to do it. They replied that she would have the bring the tablet to a Samsung engineer along with proof of purchase. * So basically Samsung wanted her to pay them for an engineer to unlock her tablet which I assume is quite expensive and come up with a proof of purchase for a 5 year old tablet! * Result: she found out how to factory reset it herself online and the whole process wqs very simple and took 5 minutes. I asked them why they wouldn't just tell me that from the beginning and there was some nonsense given about a Google account on the device requiring a sign in even in the event of a factory reset (the issue was the password to unlock the tablet on startup). * Moral of the story; if Samsung tells you that you have to pay to have an issue fixed then get a second opinion.""]",0.039,0.936,0.025,-0.2003
112,2018-11-14 13:18:09,"[""I'm currently using an iPhone 6S but will be switching to an S9+. I'm planning to buy directly from Samsung during black Friday deals and was planning to buy the unlocked version. It's always been my understanding that ATT wifi calling will not work with a phone that is not locked to ATT. But what's interesting is that I know someone with a Pixel 3 who gets ATT wifi calling, and that phone is obviously not locked to ATT. ANy advice?""]",0.0,0.955,0.045,0.5499
113,2018-11-14 14:24:13,"['I currently own a 52"" Samsung LN-52A550. It\'s 10 years old now and I\'ve been looking to upgrade. I\'ve been eyeing the 75"" Samsung Q6F because of its size and the current deals around it ($1,999.99, 4-year Costco Warranty + 3-year SquareTrade Warranty). &amp;#x200B; Everything I read online, however, seems to put the Q6F down and reviewers seem to point people towards the Sony X900F or the Samsung Q9F, saying they\'re much better TVs. While this may be true, they\'re both more expensive ($2,999.99 and $4,999.99). Is the Q6F really as bad as everyone seems to say it is? I understand there are better TVs out there but that seems like it will always be the case, regardless of what I purchase. Coming from my current TV, is the Samsung Q6F a good purchase?']",0.017,0.886,0.096,0.8711
114,2018-11-14 15:45:22,"[""Just here, researching options. If anyone's got something to say, I'm all eyes this morning...""]",0.0,1.0,0.0,0.0
115,2018-11-14 20:03:56,"[""Can anyone who has actually experienced a refund from samsung to carrier financing comment on how long it has taken for a refund to process? I'm being told 3-4 weeks before they process the refund on their end and verizon will allow me obviously to refinance a phone which seems absurd.""]",0.0,0.961,0.039,0.2263
116,2018-11-14 22:44:10,"['I plan on getting a tablet. I would use it for work and home. Looking for high quality display, mobility, and option to use keyboard with tablet. Thanks']",0.0,1.0,0.0,0.0
117,2018-11-14 23:04:17,"[""I hope this is ok to post here. I had a Samsung Galaxy S7. In the past few months I've had major issues with software but I figured it being a 2 1/2 year old phone, it was bound to have issues. The biggest issue was that I couldn't answer 90% of my incoming calls. I could hear the phone ring but the call answer screen wouldn't come up so I'd have to wait for it to go to VM then call them back from the call log. I finally got fed up and bought a Galaxy J7. I've had it for 3 days and now it is doing the EXACT SAME THING! I'm in sales so missing calls is not good for my paycheck. I have the Fitbit Versa connected but it started on the S7 before I got the Versa. I actually got the Versa bc sometimes it would let me answer on the watch when it wouldn't let me answer on the phone. I still have the issue if I disconnect the Versa. Any thoughts?""]",0.042,0.937,0.021,-0.6859
118,2018-11-14 23:41:33,"[""I just got a Note 3 from my friend but it's soft bricked and stuck in a boot loop. I know what's wrong with it and basically just need to reflash it with Odin. &amp;#x200B; Where the \\*flip\\* are the stock samsung firmwares? All I can find are websites like samsung-firmware who let you download it at dial up speeds from rapidgator unless you pay for some subscription. &amp;#x200B; What is going on, why doesn't samsung host these themselves so these sites don't get to make money for something that is supposed to be free. &amp;#x200B; Sorry for the rant. Please help me find a place I can download this Stock Firmware for free and at a reasonable speed. &amp;#x200B; Thanks""]",0.094,0.752,0.153,0.8735
119,2018-11-14 23:56:37,"[""Hi guys! I'm far from being a phone expert so I hope you can help me out with this one! Basically, I have a Samsung Galaxy S7 Edge that started having this issue with the port USB. Basically, it detects moisture every time I connect it to a charger‚Äîeven if I'm completely sure there is no moisture in there actually‚Äîso it's ended up running out of battery completely and it's dead at the moment. According to what I have read, a wireless charger would be able to resurrect the phone, but I have no idea about wireless chargers. Are they universal? Is it just as simple as putting the phone on top of the thing and it will start charging? Will I need a special case or any other additional complement to use the wireless charger? Any suggestions? Anyhow, excuse my ignorance on the subject, guys. I hope that you understand. Have a great day!""]",0.063,0.782,0.155,0.9467
120,2018-11-15 00:14:25,"[""In case anyone was wondering, screen burn in IS covered under Samsung's Warranty ( at least in the U.S. ). Mine expires in February &amp; I read some other stories of people doing this. I had some very minor screen burn-in, mostly from the Nav Bar &amp; Notification Bar but enough to bother me since I'm pretty anal about my phone's screen.. after contacting Samsung's support through chat, they told me I had two options : Sending it to Samsung and waiting 7-10 business days or taking it to an authorized repair center and getting it back the same day. I obviously went with the latter option since I wasn't gonna be phone-less for a week or longer &amp; it's only a half hour drive to the nearest UBreakIFix from here. Brought the phone in, he asked me to show him the burn-in &amp; since it's not visible without looking for it, I pulled up whitedisplay.com ( if you don't know about that site, it's very useful for seeing any burn-in your screen has ), once he seen it we were good to go. Took about 3 hours.. once I got my phone back I had a new Glass/LCD, New Battery, New charging port and new headphone jack &amp; speakers since it's all together on the same part... He said the only thing they bring over is the back panel, motherboard, &amp; simcard tray. &amp; Best of all, it was covered! So if anyone was considering this &amp; you still have warranty, I'd suggest making the warranty claim now before your warranty expires.""]",0.012,0.906,0.083,0.9682
121,2018-11-15 03:44:46,"[""I recently purchased a Note 9 and decided to Google Samsung Customer Service reviews just for the heck of it. My goodness! The reviews are horrible! I don't know if I've ever seen so many angry people at one company. Apple Support reviews aren't close to this bad. Everything from not honoring warranties to false advertising in regards to freebies. Any suggestions? Anyone have experience with Samsung Customer Service?? All of these negative reviews kind of make me nervous.""]",0.197,0.714,0.089,-0.9048
122,2018-11-15 04:54:19,['My Samsung Galaxy S7 Edge has randomly been making loud siren-like noise with a distorted line through the frozen screen every so often. If you need more info let me know... Thanks! Space Tater'],0.073,0.84,0.087,0.126
123,2018-11-15 15:02:05,['&amp;#x200B; [Homescreen 1 \\(Primary\\/Default\\) - Communication Screen]( *Processing img 5q3ievdvdiy11...* [Homescreen 3 - Personal Entertainment Screen]( [Homescreen 4 - Shopping Screen]( *Processing img svq8lgvtdiy11...* [App Drawer 1 - List of unspecified apps]( [App Drawer 2 - List of Google apps]( [App Drawer 3 - List of Samsung apps]( *Processing img tsrrhfwrdiy11...* *Processing img z3pdljfrdiy11...* *Processing img qd1u391rdiy11...*'],0.0,0.94,0.06,0.4215
124,2018-11-15 20:14:01,"['This is assuming you have profile sharing set to everyone. Do people on iPhones, for example, see your profile photo in your contact info? And if you block a contact from the Contacts screen, will they still be able to see your profile photo in their contacts?']",0.065,0.879,0.056,-0.1179
125,2018-11-15 21:56:55,"['In case anyone doesn\'t know, I mean things like saying ""comma"" during voice text to get the , symbol. I normally use Gboard, which does this excellently, but lately its glide typing accuracy has utterly tanked for me and I have to correct every other text I send. But when I tried dictating commas and periods to the Samsung keyboard, it took them as jumbled words and not the punctuation. Is there a different set of phrases to get punctuation for the Samsung keyboard, or a way to fix or replace Gboard?']",0.0,0.946,0.054,0.5701
126,2018-11-15 23:00:58,"[""I've been looking to get a smartwatch/fitness tracker and havr been heavily leaning towards the Samsung Gear Fit2 Pro, but as the title says, I mainly use Google Fit for health tracking. Is it possible to get Google fit on the Fit2 Pro? If not, which fitness tracker would you suggest to do so?""]",0.038,0.844,0.118,0.6847
127,2018-11-15 23:36:32,['Whats the deal with the new policy? After 14 days will I have to pay to get that theme?'],0.094,0.906,0.0,-0.1926
128,2018-11-16 04:45:17,"[""Hey guys. First time here, so I do hope I'm not asking in the wrong place. As the title suggests, i have a Samsung Galaxy Camera 2. Quite an old piece of equipment (relatively speaking) but still an excellent work horse. What i am wondering is, if anyone has experience using the micro HDMI output on it? I simply want to display the screen on my projector. I have a VGA projector, and have tried using a micro HDMI to VGA converter, but the projector only displays a black screen. I know the projector is fine, because my laptop and console display fine, so I'm wondering what the problem might be. If anyone has any feedback or suggestions, I'd really appreciate it! :)""]",0.044,0.821,0.135,0.8927
129,2018-11-16 05:09:11,['My Samsung Galaxy S7 Edge has randomly been making loud siren-like noise with a distorted line through the frozen screen every so often. If you need more info let me know... Thanks! Space Tater'],0.073,0.84,0.087,0.126
130,2018-11-16 06:03:22,"['Hey guys, I am with T-Mobile, and it seems all the best Black Friday deals are for other carriers. Does anyone have any recommendations on how I can get a discounted Samsung Galaxy 8? I appreciate any info, thank you.']",0.0,0.751,0.249,0.8625
131,2018-11-16 12:36:11,['I understand that Knox encrypts my table but what about my sd card attached to my tablet? If not is there an easy way to include my sd card in Knox xecurity? &amp;#x200B; Thanks 4Nails'],0.0,0.804,0.196,0.8426
132,2018-11-16 13:04:43,['[deleted]']---------------------------,0.0,1.0,0.0,0.0
133,2018-11-16 15:11:15,"[""Even though it's in beta test for the S9 and S9+, I think that's a nice new look for Samsung interface. A lot of the settings new design and features look like IOS, but I'm kind of okay with that because it's still on an Android. Android Pie is going to look clean and bring a new phone feeling to your S9 devices. I'm jealous of you S9 users now. I would love to know your thoughts on the new design.""]",0.045,0.77,0.186,0.8924
134,2018-11-16 15:26:12,['I can send gifs on any other app but when I try to send one via the Samsung text message app I always get an error as soon as I attempt to send it. Any help is appreciated.'],0.089,0.823,0.089,0.0
135,2018-11-16 20:32:03,['[']-----------------------------------,0.0,1.0,0.0,0.0
136,2018-11-17 01:11:55,"['I\'ve exhausted all my other options with customer support, so I\'m hoping someone here might be able to help me out. For context: Model SAMSUNG-SM-G890A - running Android vers 5.0.2 - Baseband vers G890AUCU5API1 - IMEI 352130070616791 I have a Galaxy S6 Active which I bought New In Box (despite it being an outdated model, I really prefer the active series) in January of 2018 for use with Cricket. This phone has given me a ton of weird, annoying problems(like where the screen FELL OFF(not as a result of drops/damage) and nobody can fix it since it\'s an ""Active"" series.) My current issue is that I\'m unable to update the software. It\'s currently running Android version 5.0.2,and when I try to update via the settings or SmartSwitch app, it says it\'s up to date. Mind you, according to AT&amp;T\'s website, the S6 active can be updated to 7.0.1, so it\'s not like it\'s just TOO old for anything newer than Android 5. Does anyone know any backdoor ways I can update the software so I can continue using certain apps? What I\'ve done already: Spoken to Samsung support ~5 times. They recommended I take it to UbreakIfix, which is their official repair center. There, they informed me they\'re unable to work on the hardware because it\'s an Active device that Samsung will Soon(TM) be sending them the equipment to work on. After leaving it there for a few hours, I come back and they tell me they can\'t update the software because ???????... Samsung Support tells me next to take it to the Samsung Mobile people in Best Buy. I go there, and they tell me ""Lol no we can\'t do that, it\'s an older device so you\'re shit outta\' luck."" Even after all that and being faulty in several ways, Samsung says they CANNOT send a replacement under any circumstances whatsoever, and I\'d have to send it out for repair and be without a phone for 3-5 weeks(which basically means I have to buy a new phone since I need it for work). Is there anything I can do?']",0.049,0.849,0.102,0.9608
137,2018-11-17 01:40:31,"[""I can't even get 1% of battery life to last 1 minute.""]",0.0,1.0,0.0,0.0
138,2018-11-17 04:44:45,"[""Not sure where to post this exactly so if its the wrong sub and there's a better one please let me know. I have a galaxy note 8 on Verizon. I'll try to give all the pertinent info. I never, well rarely, have the GPS Location option turned on and activated. I turn it on occasionally if I'm going to a new address or on a road trip, but not during my general everyday activities. I have the Samsung Pay app installed. Several months ago when I got the phone I set it up far enough to add a credit card that I never use. Really just kind of seeing what the app was all about and if it was something I could use. Obviously didn't want to put my debit card info on a new app I know nothing about. Anyway, after that, I have never used the app or even opened it. Never got a notification or anything. So today I go into GameStop to get a Wii game for my daughter. Location services and wifi is turned off, only cell data is on. I buy the game using a debit card not connected in anyway to Samsung pay or any other pay app on my phone. Don't even have the bank app but sometimes access my account on my phones browser. Literally as soon as I step out of the store I get a notification from Samsung pay with an offer to purchase a GameStop gift card at a 10% discount. Question is how did the app know I was there? Strictly through picking up my location through cell data? I did search GameStop on my browser about 6 hours earlier trying to figure out if I could search a stores used game inventory (I couldn't from what I could tell). Is the app crawling through my browsing history? Or did it just know my location through cell data? I also had a strange experience with the note 5 several months ago. I was texting a friend through the signal messaging app about his job at a mattress store. Just one text asking if he was still working there. I hadn't talked to him in a while and just making conversation. I never searched mattresses online or anything. Within an hour I had mattress ads all over my browser, chrome, and gmail on my PC. I do have chrome signed in and linked between my phone and PC. Signal is supposedly one of the most secure apps, so I'm guessing its the phone or Google.""]",0.033,0.914,0.053,0.9171
139,2018-11-17 09:51:04,"['Okay I am beyond overwhelmed after finding out all this goofy shit about charging cables. All I wanna know yet seems to be so hard to find, is can my Samsung galaxys9 take usb c and micro usb? Can it take all types or just one?? And are all new androids usb c or going to be? I‚Äôm so confused.']",0.106,0.874,0.02,-0.7372
140,2018-11-17 14:27:40,['Getting Error saying that knox cant connect to server'],0.252,0.748,0.0,-0.4019
