title,url,timestamp
"Lol, Samsung note 10 vs S10e in a blind camera test comparison. Test was conducted by YouTuber marques brownlee and over 200 million votes were recorded overall.",https://i.redd.it/51wpuimsf3541.jpg,2019-12-17 17:07:56
Just bought the new Samsung Galaxy Note 10+ 5G,https://i.redd.it/l5vxmgarlm341.jpg,2019-12-10 07:26:46
Official One UI 2.0 update release schedule,https://i.redd.it/6lolojoxg0141.jpg,2019-11-27 02:52:22
Before and after. The holy Trinity has been completed ‚ô•Ô∏è back in the Samsung ecosystem.,https://i.redd.it/l033cyuayv441.png,2019-12-16 15:57:30
Petition to Samsung requesting Android 10 for the s8 and note 8,https://www.reddit.com/r/samsung/comments/eaohy2/petition_to_samsung_requesting_android_10_for_the/,2019-12-15 12:00:48
Got the dbrand x JerryRigEverything teardown skin + grip case - looks nice,https://i.redd.it/6g4svawqr7541.jpg,2019-12-18 07:41:53
USA android 10 schedule,https://i.redd.it/mrig3xp509441.jpg,2019-12-13 10:46:43
Not fair for u.s ppl,https://i.redd.it/v1ycqout70541.jpg,2019-12-17 06:17:46
Note10+ Star Wars edition!,https://i.redd.it/wetrx96oz2441.jpg,2019-12-12 14:33:20
No hate towards the note 9/s9 though :),https://i.redd.it/c6ql21a3s5241.png,2019-12-02 21:47:52
My wife got tired of hearing me complaining about my old phone,https://i.redd.it/9r8f9y4ggl441.jpg,2019-12-15 04:39:22
I found myself deep in the ecosystem. Taken with my trusty S7,https://i.redd.it/med3oj2hsq441.jpg,2019-12-15 22:35:43
"Thank you samsung, very cool",https://i.redd.it/thxxmw8w3v341.jpg,2019-12-11 12:02:42
Decided to join the ecosystem.,https://i.redd.it/pz74h4az7f341.jpg,2019-12-09 06:37:06
Got a Galaxy S8 for 5 Euros(Like 6 dollars) maybe I'll even fix it.,https://i.redd.it/pheo94fcrr341.jpg,2019-12-11 00:47:07
I think I have best 2019 lock screen wallpaper :D,https://v.redd.it/agnbzztgmk441,2019-12-15 01:53:00
"As good looking as the iPhone 11 Pro Max is, the Note 10+ makes it look outdated, dispite coming out earlier.",https://i.redd.it/tzjp7xcar1z31.gif,2019-11-17 05:04:07
History of Samsung in a Briefcase (2016),https://i.redd.it/wqw9xmvjnb441.jpg,2019-12-13 19:41:40
"Upgraded from a 4 year old phone, 10 year old TV and an analogue watch, I love me a good black Friday deal",https://i.redd.it/oz8ap4asg6341.jpg,2019-12-08 01:10:27
These work so well with my galaxy Note 10 plus,https://i.redd.it/v1vchjtrbv241.jpg,2019-12-06 11:43:10
"""I got new X"" threads",https://www.reddit.com/r/samsung/comments/e95s1k/i_got_new_x_threads/,2019-12-12 03:11:59
"Have to say, I'm impressed with One UI 2.0 on the S10. Phone feels more responsive and faster. Fingerprint reader feels much better. Not a huge overhaul to the look and feel but nice little changes here and there. üëç",https://i.redd.it/n1koou3xxs241.jpg,2019-12-06 03:41:30
Got the badass phone today....,https://i.redd.it/6p3sdregx9541.jpg,2019-12-18 14:57:31
Some good news,https://i.redd.it/yfjmd5ik16141.jpg,2019-11-27 21:36:50
"So happy to finally upgrade from my S8, and I'm loving the S10 So far! Galaxy buds were a FREE bonus with Black Friday sale.",https://i.redd.it/9s824subqd241.jpg,2019-12-04 00:32:15
"Samsung UK offering a ""10 years of Galaxy"" gift bundle... and I'm seriously tempted!",https://i.redd.it/7hthzaf800341.png,2019-12-07 03:27:12
The Galaxy Store finally has a dark mode!,https://i.redd.it/lrbzso2adf441.jpg,2019-12-14 08:10:55
My old Galaxy Tab 2 7.0 vs the Galaxy Fold. Man what a difference 7 years can make.,https://i.redd.it/3n4ggw5lf9341.jpg,2019-12-08 11:09:03
Interesting old Android Samsung camera that my mom used a while ago... It‚Äôs super laggy but it works! (Samsung Galaxy Camera),https://v.redd.it/j0ewi2dpro241,2019-12-05 13:39:48
"My ¬´ iPhone ¬ª friend just sent me this, and i need this feature as well.",https://i.redd.it/r87sld5ksk241.jpg,2019-12-05 00:17:11
Samsung changed official Android 10 update roadmap,https://www.tizenhelp.com/samsung-rescheduled-original-android-10-roadmap/,2019-11-28 23:46:32
"Courtesy of OnLeaks, this is our first look at the Galaxy S11 with a centered punch hole display and a massive rectangular camera array. üò¨",https://i.imgur.com/CUSREWt.jpg,2019-11-23 03:37:48
I‚Äôm giving away a Samsung Galaxy S10 to a random commenter to raise awareness of mobile cybersecurity and fraud. To enter simply leave a comment on this post. I‚Äôll select and announce a winner tomorrow at 9PM EST. Learn more inside!,https://www.reddit.com/r/samsung/comments/dwcoq2/im_giving_away_a_samsung_galaxy_s10_to_a_random/,2019-11-15 09:24:19
Just found out if you only have one Galaxy Bud in it plays mono so you here both audio channels,https://i.redd.it/lhw1mgyjph441.jpg,2019-12-14 16:03:18
I think my watch is going nuts,https://v.redd.it/anrgdmvmb8141,2019-11-28 05:17:02
Noteworthy.,https://i.redd.it/qgwdiad62i041.jpg,2019-11-24 12:57:30
When you have more Ram than storage,https://i.redd.it/m2zkmwfhjx441.jpg,2019-12-16 21:17:45
Upgrade!!! Pixel 2 XL to the Note 10+!!!,https://i.redd.it/xw53h9s8xlx31.jpg,2019-11-09 22:44:33
One UI 2 has a smart cropping feature where it will offer to crop into a photo in a screenshot,https://v.redd.it/yivkbyfrsbz31,2019-11-18 14:49:59
Finally!,https://i.redd.it/m83z6j235yx31.gif,2019-11-11 15:49:56
after having an lg tv for 8 years I finally get this bad boy.,https://i.redd.it/sy77ijago1041.jpg,2019-11-22 05:52:05
"Had my back swapped for the ceramic today. Yes, it's genuine.",https://i.imgur.com/nqtiqwG.jpg,2019-12-04 10:03:01
"Apparently, Samsung doesn't trust Samsung.",https://i.redd.it/fjdyzb244o141.jpg,2019-11-30 10:23:09
Wow,https://i.redd.it/j1rvmrmm0z141.jpg,2019-12-01 23:03:19
Bixby no,https://i.redd.it/zcc6evuai3041.jpg,2019-11-22 12:01:12
Bought myself some birthday presents!,https://i.redd.it/3k809v5cwt341.jpg,2019-12-11 07:58:34
"And there it is, the upgrade, Note 9 to Note 10+. This is the 10th Anniversary bundle currently offered on Shop Samsung",https://i.redd.it/yiyf776wh5441.jpg,2019-12-12 22:58:57
This thing fucking works I'm about to present in class,https://i.redd.it/hlnx2am8fby31.jpg,2019-11-13 12:30:03
My mum recently got herself a Note 10+. I hope she enjoys it.,https://i.redd.it/7s9m5js4rq041.jpg,2019-11-25 18:11:37
"Using a Samsung laptop to transfer files to my Samsung Note9 while checking the time on my Samsung GWA2, picture taken with my older but still awesome Samsung S7 edge. You could say that Samsung makes good stuff.",https://i.redd.it/0s08ruly18z31.jpg,2019-11-18 02:14:28
Urban Armor Gear,https://i.redd.it/puxntfdbr1241.jpg,2019-12-02 08:16:25
DIY Galaxy S7 nude,https://i.redd.it/alkweodvaa541.jpg,2019-12-18 16:12:41
"My S4 is still going strong after all these years, and currently living its life as a remote control.",https://i.imgur.com/NRjzavy.jpg,2019-11-21 12:22:11
Additional Discounts on purchase on Samsung.com (Details in comments),https://i.redd.it/b77gsnnyob041.png,2019-11-23 15:33:22
Sooo I'm in the UK on an s10 plus and this baby pops up,https://i.redd.it/d8cfxb9ggg441.jpg,2019-12-14 11:50:29
I sell cell phones. Our Samsung rep enables my swag addiction with awesome goodies.,https://i.redd.it/lngvhirbz3y31.jpg,2019-11-12 11:28:20
Galaxy S6 with USB-C and S7e battery,https://i.redd.it/a0hyk3b6rvw31.jpg,2019-11-06 06:44:33
Back to the future,https://v.redd.it/t169dprv1a341,2019-12-08 13:14:01
Just decided to go all in with Samsung,https://i.imgur.com/lbTHPA5.jpg,2019-11-14 06:32:12
"After 8 years of being exclusively Apple, I finally got fed up with my iPhone X and made the switch for the first time ever.",https://i.imgur.com/TOj05cd.jpg,2019-10-26 10:57:08
Samsung Pay made me win with an employee that doubted me the entire time.,https://www.reddit.com/r/samsung/comments/dr18bt/samsung_pay_made_me_win_with_an_employee_that/,2019-11-04 06:39:56
Just got the galaxy watch and completed the trio,https://i.redd.it/0h322axlwk441.jpg,2019-12-15 02:48:15
Jerryrigeverything's teardown skin!,https://i.redd.it/gb2669ikt3441.jpg,2019-12-12 17:20:55
Sorry for this being an unrelated topic: but I just wanted to thank everybody here for being amazing people,https://www.reddit.com/r/samsung/comments/e349m8/sorry_for_this_being_an_unrelated_topic_but_i/,2019-11-29 13:04:12
"Courtesy of OnLeaks, the Galaxy S11+‚Äôs design has been shown off in a new render- with an absolutely monstrous camera bump.",https://i.imgur.com/h1PMTrx.jpg,2019-11-27 08:51:52
OneUI vs OneUI 2 Improved Folder View!,https://i.imgur.com/xBQ2Xvl.png,2019-10-30 10:29:28
Just got the Android 10 One UI 2.0 beta on my Note 10+. The UI is butter smooth. I love the tranaitions.,https://v.redd.it/awo6z3of7ly31,2019-11-14 21:24:10
"Just got my buds, my trio is completed. Man I fucks with Samsung",https://i.redd.it/9ihbeyf15w441.jpg,2019-12-16 16:35:02
"I don't know why, but I had a feeling that Samsung would join in on this.",https://i.redd.it/uthpul96zb341.jpg,2019-12-08 19:42:22
Just joined the tab s6 crew,https://i.redd.it/mb7km456rbw31.jpg,2019-11-03 11:28:37
Gotta Love those TOP free themes!!,https://i.redd.it/m89htaetimz31.jpg,2019-11-20 02:53:45
My favorite part of android 10. What's yours?,https://i.redd.it/1k2jwohx09541.jpg,2019-12-18 11:55:10
"I remember everyone saying the S10's camera looked weird back when it launched. Honestly, I think we didn't do too bad in the end.",https://i.redd.it/1ye4aqqvdkt31.jpg,2019-10-20 13:17:43
Finally.,https://i.redd.it/v709yu2qfs241.jpg,2019-12-06 01:59:31
Fedex just dropped off my new baby,https://www.reddit.com/r/samsung/comments/e0jf22/fedex_just_dropped_off_my_new_baby/,2019-11-24 07:40:36
Samsung Galaxy Phones have some of the most gorgeous displays I have ever seen.,https://www.reddit.com/r/samsung/comments/e2v9ke/samsung_galaxy_phones_have_some_of_the_most/,2019-11-29 00:34:43
"Got my dad a new phone, about time for an upgrade honestly. Note 2 to A20",https://i.redd.it/igwycdckvsx31.jpg,2019-11-10 22:07:40
"Anyone know how to turn this notification thing off? And yes, that's my background",https://i.redd.it/mwk34avbvu441.jpg,2019-12-16 12:18:49
Let's give this another go.,https://www.reddit.com/r/samsung/comments/e3qv75/lets_give_this_another_go/,2019-11-30 20:49:17
My collection.,https://i.redd.it/d3d6dxdxxi241.jpg,2019-12-04 18:03:43
Mortal Kombat 11 - Sub Zero Wallpaper,https://v.redd.it/pbj74y4vt0541,2019-12-17 08:21:47
Android 10 on my galaxy m20. *shocked*,https://i.redd.it/fj4guowlr6441.jpg,2019-12-13 03:15:13
Who ever is behind the Galaxy Store need to be fired...this thing is so not user friendly...and it's all messy..,https://i.redd.it/u97ft1dgdcx31.jpg,2019-11-08 14:37:43
Reallly loving the One UI 2.0 animations,https://v.redd.it/wnwm1pyicjs31,2019-10-15 08:44:16
Just use my fold for movies at the moment pretty good love it !,https://i.redd.it/bltgwaznf5x31.jpg,2019-11-07 15:17:31
they NEED to turn this back to true black it is so annoying...,https://i.redd.it/m1ouccwjqb541.jpg,2019-12-18 21:02:19
Any suggestion for a new cover for my s10 ? (Any ‚Äútype‚Äù),https://i.redd.it/atve0cdvvl241.jpg,2019-12-05 03:57:33
Got an S10 plus to replace my aging S8!,https://i.redd.it/c8y65kqn9z441.jpg,2019-12-17 03:06:16
Galaxy Note 10+ Star Wars Special Edition - Available in December,https://i.redd.it/58o5h5f27r041.png,2019-11-25 19:41:22
We might see something we didn't expect,https://i.redd.it/30ydzdch4a041.jpg,2019-11-23 10:16:10
Install update now? Like to see you try.,https://v.redd.it/2j7rkvrhhpz31,2019-11-21 02:11:01
New Tab S6 this thing is sweet!!,https://i.redd.it/ozdcn7kj7v341.jpg,2019-12-11 12:23:12
"The family, together at last üòç",https://i.redd.it/egyay7kao2w31.png,2019-11-02 04:59:22
Cracked my S10e screen. Anyone know if I could save money repairing it myself or using a third party service? Not sure I want to drop $200 just for this,https://i.redd.it/vizkt95vk7541.jpg,2019-12-18 07:03:18
Any love for the original Galaxy Fold?,https://i.redd.it/ncfx7zxl1au31.jpg,2019-10-24 03:35:15
The new animations and gestures are really cool! Finally Samsung has made the animations smooth like other phones have,https://v.redd.it/zo7iapjtmvs31,2019-10-17 02:03:35
Any love for the regular Note 10?,https://i.redd.it/8r1anaqai0t31.jpg,2019-10-17 18:26:51
My phone fell off a car going about 40mph all it has is a tiny crack the phone is the note 10 plus and the case was a ghostech,https://i.redd.it/ueti525tad041.jpg,2019-11-23 20:56:59
Just upgraded from S7 Edge to S10. So glad.,https://i.redd.it/3ndo5l0vcov31.jpg,2019-10-31 04:47:32
Recently got the buds to complete my collection!,https://i.redd.it/ym0zncjfyt441.jpg,2019-12-16 09:14:27
Introducing... the Galaxy Flex (made with a custom Slickwraps skin and a Louis Vuitton wallpaper off of Google),https://i.redd.it/dopwtpdgf2541.jpg,2019-12-17 13:44:06
Just upgraded from an S7 Edge. Woah.,https://i.redd.it/wm78u2zkng341.jpg,2019-12-09 11:26:21
Can anyone help? My S10+ has been playing this creepy notification every ten minutes all of a sudden with no notification and I have no clue what it means?! Should I burn my phone or what,https://v.redd.it/6f4hxml22u441,2019-12-16 09:34:49
AirPods fit perfectly in the Samsung S7 Headphone case,https://i.redd.it/ptnu7aby9rx31.jpg,2019-11-10 16:44:43
Samsung Family ‚ù§ Finally !,https://i.redd.it/xe9knjqidew31.jpg,2019-11-03 20:17:28
Nintendo Switch accident,https://i.redd.it/8cn3ofbwvdv31.png,2019-10-29 17:34:30
"One UI 2.0 very useful feature when setting wallpapers both as lock screen and as home screen, you can now sync edit made to one of the screens, when adjusting one side the other follows and you don't have to try and do it by yourself as it used to be before. Thumbs up for this change Samsung!",https://v.redd.it/z38koko065t31,2019-10-18 10:07:05
What's your oldest Galaxy? (That still works),https://v.redd.it/ln3krv522wq31,2019-10-07 01:21:25
Breathing new life into my galaxy ace 2,https://i.redd.it/tm4ix6jgvny31.jpg,2019-11-15 06:22:17
Let's take a moment to appreciate the nice design on pairing screen,https://i.redd.it/sxgjtne9a5u31.jpg,2019-10-23 11:34:50
Gotta love A.I. humour,https://i.redd.it/tgko381hb8v31.jpg,2019-10-28 22:51:09
Wish i had money to buy this,https://i.redd.it/nkkyj0hmhf341.jpg,2019-12-09 07:31:09
Found this on google. Looks so cool (wallpaper) haven't seen any wallpaper more cooler than this PERSONALLY,https://i.redd.it/inhkh82w09541.jpg,2019-12-18 11:54:55
This time a few months ago I was 100% invested in the Apple ecosystem. Samsung has won me over.,https://i.redd.it/kusow39i8tw31.jpg,2019-11-05 22:16:06
I love having the ability to scrub through songs from the notification panel in Android 10!,https://i.redd.it/iaaqyuhpuy041.jpg,2019-11-26 21:25:54
"I'm back to the superior cellphone brand now üòé it's been a great run, iPhone, but it's time to go back to my roots. I missed it.",https://i.redd.it/zcr3jef9eiy31.jpg,2019-11-14 11:57:04
The Galaxy Fold box gradient is just so beautiful,https://i.redd.it/h59f6245g0w31.jpg,2019-11-01 21:27:10
Any love for the Note 7?,https://i.redd.it/cqe47i8wg5u31.jpg,2019-10-23 12:12:05
"Appreciation post to these bad boys + Dolby Atmos, sick af. Even at max volume, no distortion. Sick bass. Dont go anywhere without them. Great for gaming too.",https://i.redd.it/075aomnxvpv31.jpg,2019-10-31 09:56:06
"Got a Microsoft mouse on Black Friday and paired with the tab s5e, just wanted to share how good it is with DeX!",https://i.redd.it/pb0e9vsoc0241.jpg,2019-12-02 03:34:43
"I'd say i'm satisfied, especially with a 4-year old phone like the S7 edge.",https://i.redd.it/xndl1495uz441.jpg,2019-12-17 05:01:08
"Ok so this is most of my Samsung ecosystem. Not all, but this is everything that works together with each other seamlessly. Samsung, I'm ready for my sponsorship now. üòä",https://i.redd.it/5tv0n6euslw31.jpg,2019-11-04 21:15:47
"If you're not act on this problem then in the future, it will be your problem too. Please Everyone go to samsung members and help spam to samsung!",https://i.redd.it/klwth41h5d441.jpg,2019-12-14 00:43:39
The trio is finally complete! üëå,https://i.redd.it/vahwitnezf241.jpg,2019-12-04 08:06:42
"I know I'm slow to the game, but I finally worked up the money to get a solid upgrade!",https://i.redd.it/3o3io1qi9rz31.jpg,2019-11-20 18:50:34
The cardinal red s10e has arrived at Verizon for Black Friday.,https://i.redd.it/jokct3nu52141.jpg,2019-11-27 08:33:44
S10 5G now uses the TOF sensor for 3D face unlock in the One UI 2.0 beta,https://i.redd.it/nhw9hy6770y31.jpg,2019-11-11 22:45:19
"I know I've already mentioned that there's a Galaxy Buds Manager app for Windows and macOS, but one amazing thing I found out about this app which I LOVE is that with this, you can use your touchpad configuration now (for example, if you set it to volume up and down) and works when the app is closed",https://i.redd.it/2i80xm10gr241.png,2019-12-05 22:44:16
Fold the taco.,https://i.redd.it/m3voiymplwt31.jpg,2019-10-22 06:23:03
"Samsung fan here, but gotta respect apple, Thoughts on this?",https://i.redd.it/ku5yqvpfr2p31.jpg,2019-09-27 21:45:05
Really liking my A50 so far (S10 user).,https://i.redd.it/xfmqc9aqxx341.jpg,2019-12-11 21:33:29
Play Store has dark mode on samsung s10,https://v.redd.it/6gr8fljr2cr31,2019-10-09 07:12:56
"Not here to bash Apple, just here to say that Samsung did a way better job when it comes to designing the back of the phone",https://i.redd.it/43rgupljpyl31.jpg,2019-09-12 04:55:05
I've made all 6000 steps and my activity heart for the past 6 months.,https://i.redd.it/4pucglcpu6241.jpg,2019-12-03 01:24:19
It's trying its hardest,https://v.redd.it/5p8v51l0fu241,2019-12-06 08:39:37
"Welcome home, Galaxy Fold!",https://i.redd.it/2o8bvjwvu6r31.jpg,2019-10-08 13:40:06
fold is the best for gaming,https://i.redd.it/nye9954isht31.jpg,2019-10-20 04:34:21
This would be so beautiful for a Samsung foldable - (LetsGoDigital),https://i.redd.it/92qdpupw08341.jpg,2019-12-08 06:25:03
New device care update makes progress bar look weird,https://i.redd.it/qtsw8ul272x31.jpg,2019-11-07 04:24:01
I hope that the Galaxy S11 all over the world uses the Snapdragon 865 processor. Exynos 990 cannot compete with it. This is the darkest period of Exynos. It has never been so embarrassing [@UniverseIce],https://twitter.com/UniverseIce/status/1202443672026959872,2019-12-06 09:44:00
120Hz display option in One UI 2 Beta! S11 will have 120Hz display. Niceeee,https://i.redd.it/o6s24lplzuz31.jpg,2019-11-21 07:22:06
"Daily Tech Support / WSIB Thread - December 13, 2019",https://www.reddit.com/r/samsung/comments/e9xbvv/daily_tech_support_wsib_thread_december_13_2019/,2019-12-13 17:57:23
Galaxy A Official Launch Film: AWESOME is for everyone,https://youtu.be/NwFvlwe7HPo,2019-12-13 11:23:12
Got myself some new gifts thanks me!,https://i.redd.it/vkpfc3gqvkx31.jpg,2019-11-09 19:14:20
How I rewarded myself for graduating University!,https://i.imgur.com/r8PJc2Y.jpg,2019-10-11 15:53:23
"A future Samsung smartphone, most likely the S11 might have 8k 30fps and 4k 120fps video recording capabilities. Credit to 9to5Google and XDA.",https://i.redd.it/krgizrkjap241.jpg,2019-12-05 15:25:07
[Note 9] Serious bootloop and random shut down,https://v.redd.it/wmprajzidi441,2019-12-14 18:19:59
Difficulty switching from iPhone to Samsung,https://www.reddit.com/r/samsung/comments/ebah9w/difficulty_switching_from_iphone_to_samsung/,2019-12-16 20:58:17
Loving the combo üòÅü§ô,https://i.redd.it/wygz9cfgbdy31.jpg,2019-11-13 18:52:41
One UI 2.0 Beta is showing for me in the UK now.,https://i.redd.it/8knzug09cnu31.jpg,2019-10-26 00:18:04
"$629.99 later (for the note only) then having the buds, I feel accomplished",https://i.redd.it/xwrmg69ijc041.jpg,2019-11-23 18:23:57
No need for tripod,https://i.redd.it/o9sxf8bv01u31.jpg,2019-10-22 21:15:06
"Did samsung make a new galaxy bud charging case? I sent mine in to be fixed bc of a problem with one of the ears and they sent me a whole new one, I immediately noticed the letter are different so I'm wondering if anything else is new?",https://i.redd.it/cxhfvsf9ii241.jpg,2019-12-04 16:35:55
Samsung literally produces everything..,https://i.redd.it/22934gptzz441.jpg,2019-12-17 05:32:56
New Buds for my old A9,https://i.redd.it/jkf0lozm0uv31.jpg,2019-10-31 23:49:35
One UI 2.0 update in the UK,https://imgur.com/foRZSNj,2019-12-10 02:02:21
Is getting a galaxy s10+ right now still worth it?,https://www.reddit.com/r/samsung/comments/eanneh/is_getting_a_galaxy_s10_right_now_still_worth_it/,2019-12-15 10:55:21
Leather straps really make the Active 2 looks a lot classier!,https://i.redd.it/1vu2ndalox341.jpg,2019-12-11 20:42:18
Fold's official leather case,https://i.redd.it/jrx1ipigeuu31.jpg,2019-10-27 00:03:00
"Thinking about an S10+ for Xmas, anyone want to talk about theirs?",https://www.reddit.com/r/samsung/comments/ebujfk/thinking_about_an_s10_for_xmas_anyone_want_to/,2019-12-18 03:12:56
S11+ design compared to the 11pro max,https://i.redd.it/stz2l835o2141.jpg,2019-11-27 10:16:14
Got the Galaxy Fit today!!!,https://i.redd.it/2j4o3qtcbg141.jpg,2019-11-29 08:09:49
T-Mobile S10+ One UI 2 and Android 10 today!,https://i.redd.it/0quc9jjfe2541.jpg,2019-12-17 13:38:23
Am I the only one who uses their phone naked?,https://www.reddit.com/r/samsung/comments/eaa8p1/am_i_the_only_one_who_uses_their_phone_naked/,2019-12-14 13:32:18
When will the Galaxy Watch Active and Watch with the Galaxy Watch Active 2 features come out ?,https://www.reddit.com/r/samsung/comments/ea22ng/when_will_the_galaxy_watch_active_and_watch_with/,2019-12-14 01:56:32
Do I need both messaging apps?,https://www.reddit.com/r/samsung/comments/e9ujni/do_i_need_both_messaging_apps/,2019-12-13 14:13:08
Front screen is nice to use,https://i.redd.it/imipeg2732v31.png,2019-10-28 01:54:12
Note 10 S pen vs Note 4 S pen,https://i.redd.it/1a7uina70iu31.jpg,2019-10-25 06:21:40
One UI 2.0 (Android 10)stable is out in uk i guess,https://i.redd.it/evgklnl0ut341.jpg,2019-12-11 07:45:32
I noticed no one in my family uses dark mode and couldn't help it but do the right thing,https://i.redd.it/g5eioo8ejo141.jpg,2019-11-30 11:49:11
New gesture mode demo! (laggy due to screen record. Butter smooth in real life.),https://v.redd.it/839pcmuq1ps31,2019-10-16 03:54:57
Anybody interested in getting the star wars edition note 10+?,https://youtu.be/wX2wSEfzGoY,2019-12-13 17:18:22
I‚Äôm a die hard Samsung and Star Wars fan but I can‚Äôt believe this isn‚Äôt available in Canada.,https://i.redd.it/4wpjp17tkr341.jpg,2019-12-11 00:10:22
Who else LOVES aura glow,https://i.redd.it/zonaws19rqt31.jpg,2019-10-21 10:43:20
I got my one ui 2 update today (s10e Verizon),https://i.redd.it/qbz00bvwk1541.jpg,2019-12-17 10:52:53
Holding on new tab icon on samsung Webbrowser you can easily create new tabs..,https://v.redd.it/buo7eujwz1241,2019-12-02 09:04:33
Decided it was time to upgrade my equipment!,https://imgur.com/WT4eNMb,2019-10-10 16:54:21
Time for an upgrade!,https://i.redd.it/wtzyz81lqyr31.jpg,2019-10-12 11:25:37
Breaking: Stable Galaxy S10 Android 10 update released in Germany!,https://www.sammobile.com/news/stable-samsung-galaxy-s10-android-10-update-released-in-germany/,2019-11-29 01:00:56
My S10 5G died and the watch knows my pain,https://i.redd.it/2u8i3iuf9sy31.jpg,2019-11-15 21:08:08
PSA: Redeem your Samsung Rewards Points! I just won a Galaxy Watch Active2,https://i.redd.it/bhw4ot2ityy31.jpg,2019-11-16 19:11:05
Is my charging port done for good?,https://i.redd.it/wsoad2qdzn441.jpg,2019-12-15 13:09:07
Do your galaxy buds crackle?,https://www.reddit.com/r/samsung/comments/e9y1ok/do_your_galaxy_buds_crackle/,2019-12-13 18:57:07
Ooommmggg,https://i.redd.it/4zua9nxl9pr31.jpg,2019-10-11 03:34:25
Does the Galaxy S10e screen burn in as bad as everyone says it does?,https://www.reddit.com/r/samsung/comments/eakxl6/does_the_galaxy_s10e_screen_burn_in_as_bad_as/,2019-12-15 07:22:19
Can't wait to pair them up with my S9!,https://i.redd.it/y4wmvisgpv141.jpg,2019-12-01 11:55:21
Contacting Samsung customer service about new Note 10+ that came damaged out of the box,https://www.reddit.com/r/samsung/comments/e944pg/contacting_samsung_customer_service_about_new/,2019-12-11 23:49:01
RCS on samsung messages,https://www.reddit.com/r/samsung/comments/eae9fk/rcs_on_samsung_messages/,2019-12-14 18:58:37
Just updated to the official version of One UI 2. Loving the update so far...,https://i.redd.it/icjosr06cy441.jpg,2019-12-16 23:58:31
"I was looking to get a Samsung Chromebook just to have something for light computing. Went with this instead, Tab A with a Logitech keyboard dock, couldn't be happier.",https://i.redd.it/nyximimaru341.jpg,2019-12-11 10:52:04
Black Friday haul I love the double punch hole,https://i.redd.it/al89hg03cx241.jpg,2019-12-06 18:28:01
"Finally got Galaxy Buds to really get into the Sammy Ecosystem. Just need a Note 9, Tab s6 and backup green s10 now",https://imgur.com/C03WfBZ,2019-12-09 13:20:08
Screenshot would not show the cracks,https://i.redd.it/gebzq52wn0541.png,2019-12-17 07:47:48
"I'm going overseas and I want to bring a phone with a bit more battery life than my S10 5G (it would likely be stolen too), how do I stop my watch from erasing itself whenever I try to pair it with a new phone? Or is my only option just to use it in standalone mode and hope the E-SIM works overseas?",https://i.redd.it/nw90p164kx341.jpg,2019-12-11 20:17:12
Kylo Ren Video Wallpaper,https://i.redd.it/wrk7mvte59541.jpg,2019-12-18 12:20:21
"Wow, Samsung. Just, WOW. #justiceforpreviousflagships",https://i.redd.it/w4f4s6qs22141.jpg,2019-11-27 08:16:37
Samsung Fold,https://i.redd.it/lrectxhm66p31.jpg,2019-09-28 09:15:39
Galaxy Note Camera Design Concepts [OC],https://i.imgur.com/P86neuf.jpg,2019-11-16 20:03:29
"I'm sorry, Apple",https://i.redd.it/fa6nb1i4j8341.jpg,2019-12-08 08:07:06
My 3 generations of Samsung phone. It‚Äôs scary how small the first one is.,https://i.redd.it/hca8xaqtd4y31.jpg,2019-11-12 12:49:34
Disappointing battery life in newer models from phonearena...,https://i.redd.it/rbqq4kfe0p441.png,2019-12-15 16:36:42
"S10+, worth getting in the uk?",https://www.reddit.com/r/samsung/comments/ebvge9/s10_worth_getting_in_the_uk/,2019-12-18 04:54:24
Saw a note10 with similar home screen so here's my J6,https://i.redd.it/9mgbrc88cm041.jpg,2019-11-25 03:20:58
Confirmed by samsung. One UI 2.0 release dates,https://i.redd.it/pdguzvvroh141.jpg,2019-11-29 12:46:36
My new Note 10+ Arua Blue!,https://i.redd.it/kay25ndzjo141.png,2019-11-30 11:52:07
Umm? Apparently samsung wants me to upgrade my note 10+ already....,https://i.redd.it/7qu6dsb5lhs31.jpg,2019-10-15 02:49:01
Anyone know if this is normal for my s10+. The sound sounds weird. For my friend who has an iPhone the sound sounds more balance than mine,https://v.redd.it/xoi28nv692541,2019-12-17 13:10:07
I finally got a new phone! A Galaxy S7. It's so fast!,https://i.redd.it/ml3p3vhh4yn31.jpg,2019-09-22 05:05:13
"iOS user since 2012, any tips on transitioning smoothly to a Samsung Galaxy 10?",https://www.reddit.com/r/samsung/comments/eabcgh/ios_user_since_2012_any_tips_on_transitioning/,2019-12-14 14:53:40
Great for playing music in your car,https://i.redd.it/co0oy823f8041.jpg,2019-11-23 04:32:02
What is going on??,https://i.redd.it/6egp1t3fxr441.jpg,2019-12-16 02:25:11
The mid-rangers don't get enough love.,https://i.redd.it/aej2nd8nrko31.jpg,2019-09-25 09:14:15
Dropped my tab s4 stylus outside my house on the way to school yesterday. Found it after ~6 hours on the side of the road. Still works good as new.,https://i.imgur.com/R6gorCf.jpg,2019-12-15 22:03:51
"""News""",https://www.reddit.com/r/samsung/comments/e91h8u/news/,2019-12-11 19:22:19
Does anyone else with the Samsung Galaxy watch hate the little animated people?,https://i.redd.it/zdtr780zm7541.jpg,2019-12-18 07:15:25
Play protect : device is nor certified,https://www.reddit.com/r/samsung/comments/ebc2sp/play_protect_device_is_nor_certified/,2019-12-16 23:40:44
Um...,https://i.redd.it/6r44e984e2l31.jpg,2019-09-07 16:13:53
"Just yesterday I finally got a new smartphone after 4 years. Havent opened it yet, since I want to get a case and a screenprotector for it first. I hope its as good as I hope! It was 499‚Ç¨",https://i.redd.it/5wem7ydd9o341.jpg,2019-12-10 13:00:55
Samsung Smart tv youtube app's icons changed to Chinese symbols. How to change them back?,https://i.imgur.com/VO4J9DG.jpg,2019-12-13 12:53:52
"Daily Tech Support / WSIB Thread - December 17, 2019",https://www.reddit.com/r/samsung/comments/ebp0z1/daily_tech_support_wsib_thread_december_17_2019/,2019-12-17 17:57:18
Had to get the special release,https://i.redd.it/tk3tokt9qx441.jpg,2019-12-16 21:55:49
Why do the Note series only get one software update?,https://www.reddit.com/r/samsung/comments/e6fl0a/why_do_the_note_series_only_get_one_software/,2019-12-06 02:51:24
Samsung may sell the Snapdragon 865 Galaxy S11 in more markets,https://www.sammobile.com/news/samsung-sell-snapdragon-865-galaxy-s11-more-markets/,2019-12-12 03:02:39
"Offered a free Note 10+, should I switch to it from my s9+?",https://www.reddit.com/r/samsung/comments/e7ph1r/offered_a_free_note_10_should_i_switch_to_it_from/,2019-12-08 20:50:49
From J7 2017 to A30S. I think it's worth it,https://i.redd.it/sk3gmsnu9t441.jpg,2019-12-16 06:56:40
Samsung Die Hard,https://i.redd.it/jr15a3fg2rq31.jpg,2019-10-06 08:33:45
I am so proud to be an owner of the Note 10 Plus!! (MKBHD blind smartphone camera test),https://i.redd.it/dl5r0padw3541.jpg,2019-12-17 18:40:40
S10e Case?,https://www.reddit.com/r/samsung/comments/e9ahk6/s10e_case/,2019-12-12 09:57:13
Silver buds came in the mail today. Beautiful.,https://i.redd.it/85f1fs34mqs31.jpg,2019-10-16 09:10:27
Does anyone have this wallpaper from the Samsung Developer conference presentation? P.S: I'm hyped for this phone too!,https://i.redd.it/m0vf0k2e7zv31.jpg,2019-11-01 17:16:19
Upgraded to One UI 2. How do I remove this bar on the bottom with the arrow and keyboard icon?,https://i.imgur.com/3cNcire.jpg,2019-12-17 19:30:18
"I got my new S10+ a week ago. Switched from a Motorola, and I am loving it so far!",https://www.reddit.com/r/samsung/comments/e58c6t/i_got_my_new_s10_a_week_ago_switched_from_a/,2019-12-03 16:19:32
Temporary phone until my Note 10+ 5g gets repaired,https://i.redd.it/pnxg2txh8n341.jpg,2019-12-10 09:34:16
"So I bought one, but they gave me 10...",https://i.redd.it/bjszvzdiwx041.jpg,2019-11-26 18:14:14
I Won a Note10 from Samsung Elite!,https://i.redd.it/frn2wqjoucu31.jpg,2019-10-24 13:01:46
My Galaxy S10+ was robbed from me,https://www.reddit.com/r/samsung/comments/eawov1/my_galaxy_s10_was_robbed_from_me/,2019-12-16 00:44:31
"The photo editor's ""Snap to Shape"" crop is surprisingly accurate! Produces a png file of your selection. (Works well on high contrast and well-lit images)",https://i.redd.it/wtez1hybizw31.png,2019-11-06 19:21:51
"Courtesy of OnLeaks, here‚Äôs our first look at the Galaxy S11e with a centered punch hole and curved display.",https://i.imgur.com/e6WL0Ma.jpg,2019-11-24 07:11:44
Do you think we will see a day when Samsung provides more than two system updates?,https://www.reddit.com/r/samsung/comments/e3s94h/do_you_think_we_will_see_a_day_when_samsung/,2019-11-30 23:02:02
I managed to take ss when my battery was 0%,https://i.redd.it/pijj6y9om6x31.jpg,2019-11-07 19:18:37
What do you think of the S8,https://www.reddit.com/r/samsung/comments/eb4esk/what_do_you_think_of_the_s8/,2019-12-16 12:45:31
My first ever smart watch! Looking forward to trying it out! Will work nicely with my S10 üòÉ,https://i.redd.it/25k9euwvea541.jpg,2019-12-18 16:35:09
"Where do I find ""Other"" ? It is taking up so much space and I have no idea what it is.",https://i.redd.it/r6h7ik7r5w041.jpg,2019-11-26 12:22:30
Next Generation Galaxy Buds,https://www.reddit.com/r/samsung/comments/eacz4h/next_generation_galaxy_buds/,2019-12-14 17:04:57
Here‚Äôs some alternative Galaxy S11 rear camera designs... [OC] [Other variants in comments],https://i.imgur.com/RbxoML6.jpg,2019-11-24 17:52:16
I keep getting this message? Whats this all about?,https://i.redd.it/c8nbysyprz341.jpg,2019-12-12 03:43:21
Do the A20 has gyroscope?,https://www.reddit.com/r/samsung/comments/e9o346/do_the_a20_has_gyroscope/,2019-12-13 06:15:18
